Workbook

Sheet Step1_wo_dropout
A1: № | B1: Модель | C1: model size M | D1: n_layer | E1: n_embd | F1: n_head | G1: block_size | H1: dropout | I1: batch_size | J1: train iterations | K1: train loss | L1: val iterations | M1: val loss
A2: 1 | B2: =D2&"/"&E2&"/"&F2&"/"&G2&"/"&TEXT(H2,"0.00")&"/"&I2 -> 1/32/1/32/0.00/64 | C2: =($P$2*E2+E2*G2+D2*(12*E2^2+13*E2)+E2*$P$2)/1000000 -> 0.025568 | D2: 1 | E2: 32 | F2: 1 | G2: 32 | H2: 0 | I2: 64 | J2: 800000 | K2: 1.6392 | L2: 970000 | M2: 1.9899 | O2: vocab_size | P2: 185
A3: 2 | B3: =D3&"/"&E3&"/"&F3&"/"&G3&"/"&TEXT(H3,"0.00")&"/"&I3 -> 1/32/1/64/0.00/64 | C3: =($P$2*E3+E3*G3+D3*(12*E3^2+13*E3)+E3*$P$2)/1000000 -> 0.026592 | D3: 1 | E3: 32 | F3: 1 | G3: 64 | H3: 0 | I3: 64 | J3: 800000 | K3: 1.6274 | L3: 820000 | M3: 1.9898
A4: 3 | B4: =D4&"/"&E4&"/"&F4&"/"&G4&"/"&TEXT(H4,"0.00")&"/"&I4 -> 1/32/1/128/0.00/64 | C4: =($P$2*E4+E4*G4+D4*(12*E4^2+13*E4)+E4*$P$2)/1000000 -> 0.02864 | D4: 1 | E4: 32 | F4: 1 | G4: 128 | H4: 0 | I4: 64 | J4: 890000 | K4: 1.629 | L4: 840000 | M4: 1.999
A5: 4 | B5: =D5&"/"&E5&"/"&F5&"/"&G5&"/"&TEXT(H5,"0.00")&"/"&I5 -> 1/32/1/256/0.00/64 | C5: =($P$2*E5+E5*G5+D5*(12*E5^2+13*E5)+E5*$P$2)/1000000 -> 0.032736 | D5: 1 | E5: 32 | F5: 1 | G5: 256 | H5: 0 | I5: 64 | J5: 930000 | K5: 1.6695 | L5: 980000 | M5: 2.0392
A6: 5 | B6: =D6&"/"&E6&"/"&F6&"/"&G6&"/"&TEXT(H6,"0.00")&"/"&I6 -> 2/32/1/32/0.00/64 | C6: =($P$2*E6+E6*G6+D6*(12*E6^2+13*E6)+E6*$P$2)/1000000 -> 0.038272 | D6: 2 | E6: 32 | F6: 1 | G6: 32 | H6: 0 | I6: 64 | J6: 890000 | K6: 1.4792 | L6: 790000 | M6: 1.8494
A7: 6 | B7: =D7&"/"&E7&"/"&F7&"/"&G7&"/"&TEXT(H7,"0.00")&"/"&I7 -> 2/32/1/64/0.00/64 | C7: =($P$2*E7+E7*G7+D7*(12*E7^2+13*E7)+E7*$P$2)/1000000 -> 0.039296 | D7: 2 | E7: 32 | F7: 1 | G7: 64 | H7: 0 | I7: 64 | J7: 890000 | K7: 1.4491 | L7: 700000 | M7: 1.8496
A8: 7 | B8: =D8&"/"&E8&"/"&F8&"/"&G8&"/"&TEXT(H8,"0.00")&"/"&I8 -> 2/32/1/128/0.00/64 | C8: =($P$2*E8+E8*G8+D8*(12*E8^2+13*E8)+E8*$P$2)/1000000 -> 0.041344 | D8: 2 | E8: 32 | F8: 1 | G8: 128 | H8: 0 | I8: 64 | J8: 1000000 | K8: 1.4176 | L8: 780000 | M8: 1.818
A9: 8 | B9: =D9&"/"&E9&"/"&F9&"/"&G9&"/"&TEXT(H9,"0.00")&"/"&I9 -> 2/32/1/256/0.00/64 | C9: =($P$2*E9+E9*G9+D9*(12*E9^2+13*E9)+E9*$P$2)/1000000 -> 0.04544 | D9: 2 | E9: 32 | F9: 1 | G9: 256 | H9: 0 | I9: 64 | J9: 960000 | K9: 1.4366 | L9: 850000 | M9: 1.8479
A10: 9 | B10: =D10&"/"&E10&"/"&F10&"/"&G10&"/"&TEXT(H10,"0.00")&"/"&I10 -> 1/64/2/64/0.00/64 | C10: =($P$2*E10+E10*G10+D10*(12*E10^2+13*E10)+E10*$P$2)/1000000 -> 0.07776 | D10: 1 | E10: 64 | F10: 2 | G10: 64 | H10: 0 | I10: 64 | J10: 530000 | K10: 1.379 | L10: 530000 | M10: 1.815
A11: 10 | B11: =D11&"/"&E11&"/"&F11&"/"&G11&"/"&TEXT(H11,"0.00")&"/"&I11 -> 1/64/2/128/0.00/64 | C11: =($P$2*E11+E11*G11+D11*(12*E11^2+13*E11)+E11*$P$2)/1000000 -> 0.081856 | D11: 1 | E11: 64 | F11: 2 | G11: 128 | H11: 0 | I11: 64 | J11: 450000 | K11: 1.3693 | L11: 330000 | M11: 1.7953
A12: 11 | B12: =D12&"/"&E12&"/"&F12&"/"&G12&"/"&TEXT(H12,"0.00")&"/"&I12 -> 1/64/2/256/0.00/64 | C12: =($P$2*E12+E12*G12+D12*(12*E12^2+13*E12)+E12*$P$2)/1000000 -> 0.090048 | D12: 1 | E12: 64 | F12: 2 | G12: 256 | H12: 0 | I12: 64 | J12: 530000 | K12: 1.3586 | L12: 590000 | M12: 1.8198
A13: 12 | B13: =D13&"/"&E13&"/"&F13&"/"&G13&"/"&TEXT(H13,"0.00")&"/"&I13 -> 1/64/2/512/0.00/64 | C13: =($P$2*E13+E13*G13+D13*(12*E13^2+13*E13)+E13*$P$2)/1000000 -> 0.106432 | D13: 1 | E13: 64 | F13: 2 | G13: 512 | H13: 0 | I13: 64 | J13: 610000 | K13: 1.3688 | L13: 490000 | M13: 1.8295
A14: 13 | B14: =D14&"/"&E14&"/"&F14&"/"&G14&"/"&TEXT(H14,"0.00")&"/"&I14 -> 2/64/2/128/0.00/64 | C14: =($P$2*E14+E14*G14+D14*(12*E14^2+13*E14)+E14*$P$2)/1000000 -> 0.13184 | D14: 2 | E14: 64 | F14: 2 | G14: 128 | H14: 0 | I14: 64 | J14: 940000 | K14: 1.138 | L14: 800000 | M14: 1.6839
... A30: 29 | B30: =D30&"/"&E30&"/"&F30&"/"&G30&"/"&TEXT(H30,"0.00")&"/"&I30 -> 3/128/4/256/0.00/64 | C30: =($P$2*E30+E30*G30+D30*(12*E30^2+13*E30)+E30*$P$2)/1000000 -> 0.674944 | D30: 3 | E30: 128 | F30: 4 | G30: 256 | H30: 0 | I30: 64 | J30: 450000 | K30: 0.8399 | L30: 20000 | M30: 1.6159

Sheet Step1_with_dropout
A1: № | B1: Модель | C1: model size M | D1: n_layer | E1: n_embd | F1: n_head | G1: block_size | H1: dropout | I1: batch_size | J1: train iterations | K1: train loss | L1: val iterations | M1: val loss
A2: 1 | B2: =D2&"/"&E2&"/"&F2&"/"&G2&"/"&TEXT(H2,"0.00")&"/"&I2 -> 3/128/4/128/0.05/64 | C2: =($P$2*E2+E2*G2+D2*(12*E2^2+13*E2)+E2*$P$2)/1000000 -> 0.65856 | D2: 3 | E2: 128 | F2: 4 | G2: 128 | H2: 0.05 | I2: 64 | J2: 910000 | K2: 0.8969 | L2: 850000 | M2: 1.4479 | O2: vocab_size | P2: 185
A3: 2 | B3: =D3&"/"&E3&"/"&F3&"/"&G3&"/"&TEXT(H3,"0.00")&"/"&I3 -> 3/128/4/256/0.05/64 | C3: =($P$2*E3+E3*G3+D3*(12*E3^2+13*E3)+E3*$P$2)/1000000 -> 0.674944 | D3: 3 | E3: 128 | F3: 4 | G3: 256 | H3: 0.05 | I3: 64 | J3: 630000 | K3: 0.8386 | L3: 350000 | M3: 1.3999
A4: 3 | B4: =D4&"/"&E4&"/"&F4&"/"&G4&"/"&TEXT(H4,"0.00")&"/"&I4 -> 3/128/4/128/0.10/64 | C4: =($P$2*E4+E4*G4+D4*(12*E4^2+13*E4)+E4*$P$2)/1000000 -> 0.65856 | D4: 3 | E4: 128 | F4: 4 | G4: 128 | H4: 0.1 | I4: 64 | J4: 740000 | K4: 0.9397 | L4: 620000 | M4: 1.4592
A5: 4 | B5: =D5&"/"&E5&"/"&F5&"/"&G5&"/"&TEXT(H5,"0.00")&"/"&I5 -> 3/128/4/256/0.10/64 | C5: =($P$2*E5+E5*G5+D5*(12*E5^2+13*E5)+E5*$P$2)/1000000 -> 0.674944 | D5: 3 | E5: 128 | F5: 4 | G5: 256 | H5: 0.1 | I5: 64 | J5: 760000 | K5: 0.8686 | L5: 380000 | M5: 1.408
A6: 5 | B6: =D6&"/"&E6&"/"&F6&"/"&G6&"/"&TEXT(H6,"0.00")&"/"&I6 -> 4/128/4/256/0.05/64 | C6: =($P$2*E6+E6*G6+D6*(12*E6^2+13*E6)+E6*$P$2)/1000000 -> 0.873216 | D6: 4 | E6: 128 | F6: 4 | G6: 256 | H6: 0.05 | I6: 64 | J6: 400000 | K6: 0.8095 | L6: 450000 | M6: 1.4447
A7: 6 | B7: =D7&"/"&E7&"/"&F7&"/"&G7&"/"&TEXT(H7,"0.00")&"/"&I7 -> 4/128/4/512/0.05/64 | C7: =($P$2*E7+E7*G7+D7*(12*E7^2+13*E7)+E7*$P$2)/1000000 -> 0.905984 | D7: 4 | E7: 128 | F7: 4 | G7: 512 | H7: 0.05 | I7: 64 | J7: 270000 | K7: 0.7781 | L7: 180000 | M7: 1.3395
A8: 7 | B8: =D8&"/"&E8&"/"&F8&"/"&G8&"/"&TEXT(H8,"0.00")&"/"&I8 -> 3/192/6/512/0.05/32 | C8: =($P$2*E8+E8*G8+D8*(12*E8^2+13*E8)+E8*$P$2)/1000000 -> 1.503936 | D8: 3 | E8: 192 | F8: 6 | G8: 512 | H8: 0.05 | I8: 32 | J8: 350000 | K8: 0.7043 | L8: 130000 | M8: 1.3392
A9: 8 | B9: =D9&"/"&E9&"/"&F9&"/"&G9&"/"&TEXT(H9,"0.00")&"/"&I9 -> 3/192/6/1024/0.05/32 | C9: =($P$2*E9+E9*G9+D9*(12*E9^2+13*E9)+E9*$P$2)/1000000 -> 1.60224 | D9: 3 | E9: 192 | F9: 6 | G9: 1024 | H9: 0.05 | I9: 32 | J9: 120000 | K9: 0.7457 | L9: 100000 | M9: 1.2775
A10: 9 | B10: =D10&"/"&E10&"/"&F10&"/"&G10&"/"&TEXT(H10,"0.00")&"/"&I10 -> 4/192/6/1024/0.05/8 | C10: =($P$2*E10+E10*G10+D10*(12*E10^2+13*E10)+E10*$P$2)/1000000 -> 2.047104 | D10: 4 | E10: 192 | F10: 6 | G10: 1024 | H10: 0.05 | I10: 8 | J10: 250000 | K10: 0.6898 | L10: 230000 | M10: 1.2453
A11: 10 | B11: =D11&"/"&E11&"/"&F11&"/"&G11&"/"&TEXT(H11,"0.00")&"/"&I11 -> 4/192/6/1536/0.05/8 | C11: =($P$2*E11+E11*G11+D11*(12*E11^2+13*E11)+E11*$P$2)/1000000 -> 2.145408 | D11: 4 | E11: 192 | F11: 6 | G11: 1536 | H11: 0.05 | I11: 8 | J11: 260000 | K11: 0.6677 | L11: 240000 | M11: 1.2115
A12: 11 | B12: =D12&"/"&E12&"/"&F12&"/"&G12&"/"&TEXT(H12,"0.00")&"/"&I12 -> 10/128/4/1536/0.05/8 | C12: =($P$2*E12+E12*G12+D12*(12*E12^2+13*E12)+E12*$P$2)/1000000 -> 2.226688 | D12: 10 | E12: 128 | F12: 4 | G12: 1536 | H12: 0.05 | I12: 8 | J12: 80000 | K12: 0.6757 | L12: 50000 | M12: 1.1731
A13: 12 | B13: =D13&"/"&E13&"/"&F13&"/"&G13&"/"&TEXT(H13,"0.00")&"/"&I13 -> 5/192/6/1536/0.05/8 | C13: =($P$2*E13+E13*G13+D13*(12*E13^2+13*E13)+E13*$P$2)/1000000 -> 2.590272 | D13: 5 | E13: 192 | F13: 6 | G13: 1536 | H13: 0.05 | I13: 8 | J13: 220000 | K13: 0.6193 | L13: 80000 | M13: 1.2045
A14: 13 | B14: =D14&"/"&E14&"/"&F14&"/"&G14&"/"&TEXT(H14,"0.00")&"/"&I14 -> 5/192/6/2048/0.05/8 | C14: =($P$2*E14+E14*G14+D14*(12*E14^2+13*E14)+E14*$P$2)/1000000 -> 2.688576 | D14: 5 | E14: 192 | F14: 6 | G14: 2048 | H14: 0.05 | I14: 8 | J14: 160000 | K14: 0.6268 | L14: 50000 | M14: 1.1879
... A41: 40 | B41: =D41&"/"&E41&"/"&F41&"/"&G41&"/"&TEXT(H41,"0.00")&"/"&I41 -> 8/288/9/2048/0.15/4 | C41: =($P$2*E41+E41*G41+D41*(12*E41^2+13*E41)+E41*$P$2)/1000000 -> 8.68896 | D41: 8 | E41: 288 | F41: 9 | G41: 2048 | H41: 0.15 | I41: 4 | J41: 70000 | K41: 0.5733 | L41: 50000 | M41: 1.0852

Sheet Step1_final
A1: № | B1: iterations | C1: Params | D1: =D3&"/"&D4&"/"&D5&"/"&D6&"/"&TEXT(D7,"0.00")&"/"&D8 -> 12/128/4/2048/0.10/4 | F1: =F3&"/"&F4&"/"&F5&"/"&F6&"/"&TEXT(F7,"0.00")&"/"&F8 -> 10/192/6/2048/0.10/4 | H1: =H3&"/"&H4&"/"&H5&"/"&H6&"/"&TEXT(H7,"0.00")&"/"&H8 -> 8/256/8/2048/0.15/4
A2: 1 | C2: model size, M | D2: =($M$2*D4+D4*D6+D3*(12*D4^2+13*D4)+D4*$M$2)/1000000 -> 2.688768 | F2: =($M$2*F4+F4*F6+F3*(12*F4^2+13*F4)+F4*$M$2)/1000000 -> 4.912896 | H2: =($M$2*H4+H4*H6+H3*(12*H4^2+13*H4)+H4*$M$2)/1000000 -> 6.937088 | L2: vocab_size | M2: 185
A3: 2 | C3: n_layer | D3: 12 | F3: 10 | H3: 8
A4: 3 | C4: n_embd | D4: 128 | F4: 192 | H4: 256
A5: 4 | C5: n_head | D5: 4 | F5: 6 | H5: 8
A6: 5 | C6: block_size | D6: 2048 | F6: 2048 | H6: 2048
A7: 6 | C7: dropout | D7: 0.1 | F7: 0.1 | H7: 0.15
A8: 7 | C8: batch_size | D8: 4 | F8: 4 | H8: 4
A9: 8 | B9: 0 | C9: duration / val/train | D9: 5 | E9: =D11/D10 -> 1.0148408 | F9: 5 | G9: =F11/F10 -> 1.0378408 | H9: 5 | I9: =H11/H10 -> 1.0245572
A10: 9 | C10: train loss | D10: 4.6763 | F10: 4.585 | H10: 4.5445
A11: 10 | C11: val loss | D11: 4.7457 | F11: 4.7585 | H11: 4.6561
A12: 11 | B12: 2000 | C12: duration / val/train | D12: 297 | E12: =D14/D13 -> 1.1154444 | F12: 403 | G12: =F14/F13 -> 1.1176129 | H12: 408 | I12: =H14/H13 -> 1.1226111
A13: 12 | C13: train loss / train diff % | D13: 2.4462 | E13: =(D13-D10)/D10 -> -0.47689413 | F13: 2.4113 | G13: =(F13-F10)/F10 -> -0.47408942 | H13: 2.3913 | I13: =(H13-H10)/H10 -> -0.4738035
A14: 13 | C14: val loss / val diff % | D14: 2.7286 | E14: =(D14-D11)/D11 -> -0.4250374 | F14: 2.6949 | G14: =(F14-F11)/F11 -> -0.43366607 | H14: 2.6845 | I14: =(H14-H11)/H11 -> -0.42344451
A15: 14 | B15: 4000 | C15: duration / val/train | D15: 590 | E15: =D17/D16 -> 1.2040325 | F15: 799 | G15: =F17/F16 -> 1.2712572 | H15: 814 | I15: =H17/H16 -> 1.2720298
A16: 15 | C16: train loss / train diff % | D16: 1.9095 | E16: =(D16-D13)/D13 -> -0.21940152 | F16: 1.5336 | G16: =(F16-F13)/F13 -> -0.36399453 | H16: 1.3686 | I16: =(H16-H13)/H13 -> -0.42767532
A17: 16 | C17: val loss / val diff % | D17: 2.2991 | E17: =(D17-D14)/D14 -> -0.15740673 | F17: 1.9496 | G17: =(F17-F14)/F14 -> -0.27655943 | H17: 1.7409 | I17: =(H17-H14)/H14 -> -0.35149935
A18: 17 | B18: 6000 | C18: duration / val/train | D18: 880 | E18: =D20/D19 -> 1.2991426 | F18: 1192 | G18: =F20/F19 -> 1.3368548 | H18: 1215 | I18: =H20/H19 -> 1.3296046
A19: 18 | C19: train loss / train diff % | D19: 1.2713 | E19: =(D19-D16)/D16 -> -0.33422362 | F19: 1.0791 | G19: =(F19-F16)/F16 -> -0.2963615 | H19: 1.037 | I19: =(H19-H16)/H16 -> -0.24229139
A20: 19 | C20: val loss / val diff % | D20: 1.6516 | E20: =(D20-D17)/D17 -> -0.28163194 | F20: 1.4426 | G20: =(F20-F17)/F17 -> -0.26005334 | H20: 1.3788 | I20: =(H20-H17)/H17 -> -0.20799586
A21: 20 | B21: 8000 | C21: duration / val/train | D21: 1170 | E21: =D23/D22 -> 1.344767 | F21: 1570 | G21: =F23/F22 -> 1.361204 | H21: 1618 | I21: =H23/H22 -> 1.3586574
A22: 21 | C22: train loss / train diff % | D22: 1.0816 | E22: =(D22-D19)/D19 -> -0.14921734 | F22: 0.9568 | G22: =(F22-F19)/F19 -> -0.11333519 | H22: 0.9385 | I22: =(H22-H19)/H19 -> -0.094985535
A23: 22 | C23: val loss / val diff % | D23: 1.4545 | E23: =(D23-D20)/D20 -> -0.11933882 | F23: 1.3024 | G23: =(F23-F20)/F20 -> -0.097185637 | H23: 1.2751 | I23: =(H23-H20)/H20 -> -0.075210328
A24: 23 | B24: 10000 | C24: duration / val/train | D24: 1460 | E24: =D26/D25 -> 1.3392786 | F24: 1938 | G24: =F26/F25 -> 1.3747792 | H24: 2033 | I24: =H26/H25 -> 1.3622083
A25: 24 | C25: train loss / train diff % | D25: 1.0036 | E25: =(D25-D22)/D22 -> -0.072115385 | F25: 0.9056 | G25: =(F25-F22)/F22 -> -0.053511706 | H25: 0.8785 | I25: =(H25-H22)/H22 -> -0.063931806
A26: 25 | C26: val loss / val diff % | D26: 1.3441 | E26: =(D26-D23)/D23 -> -0.075902372 | F26: 1.245 | G26: =(F26-F23)/F23 -> -0.044072482 | H26: 1.1967 | I26: =(H26-H23)/H23 -> -0.061485374
A27: 26 | B27: 12000 | C27: duration / val/train | D27: 1750 | E27: =D29/D28 -> 1.3885478 | F27: 2303 | G27: =F29/F28 -> 1.4015775 | H27: 2436 | I27: =H29/H28 -> 1.4080734
A28: 27 | C28: train loss / train diff % | D28: 0.9448 | E28: =(D28-D25)/D25 -> -0.058589079 | F28: 0.8621 | G28: =(F28-F25)/F25 -> -0.048034452 | H28: 0.8398 | I28: =(H28-H25)/H25 -> -0.044052362
A29: 28 | C29: val loss / val diff % | D29: 1.3119 | E29: =(D29-D26)/D26 -> -0.023956551 | F29: 1.2083 | G29: =(F29-F26)/F26 -> -0.029477912 | H29: 1.1825 | I29: =(H29-H26)/H26 -> -0.011865965
A30: 29 | B30: 14000 | C30: duration / val/train | D30: 2040 | E30: =D32/D31 -> 1.4095808 | F30: 2668 | G30: =F32/F31 -> 1.4629853 | H30: 2845 | I30: =H32/H31 -> 1.4314646
A31: 30 | C31: train loss / train diff % | D31: 0.9185 | E31: =(D31-D28)/D28 -> -0.027836579 | F31: 0.8294 | G31: =(F31-F28)/F28 -> -0.037930634 | H31: 0.8098 | I31: =(H31-H28)/H28 -> -0.035722791
A32: 31 | C32: val loss / val diff % | D32: 1.2947 | E32: =(D32-D29)/D29 -> -0.013110755 | F32: 1.2134 | G32: =(F32-F29)/F29 -> 0.0042208061 | H32: 1.1592 | I32: =(H32-H29)/H29 -> -0.019704017
A33: 32 | B33: 16000 | C33: duration / val/train | D33: 2331 | E33: =D35/D34 -> 1.399095 | F33: 3033 | G33: =F35/F34 -> 1.4391593 | H33: 3261 | I33: =H35/H34 -> 1.4477273
A34: 33 | C34: train loss / train diff % | D34: 0.884 | E34: =(D34-D31)/D31 -> -0.037561241 | F34: 0.8136 | G34: =(F34-F31)/F31 -> -0.019049916 | H34: 0.792 | I34: =(H34-H31)/H31 -> -0.021980736
A35: 34 | C35: val loss / val diff % | D35: 1.2368 | E35: =(D35-D32)/D32 -> -0.044720785 | F35: 1.1709 | G35: =(F35-F32)/F32 -> -0.035025548 | H35: 1.1466 | I35: =(H35-H32)/H32 -> -0.010869565
A36: 35 | B36: 18000 | C36: duration / val/train | D36: 2621 | E36: =D38/D37 -> 1.4195038 | F36: 3397 | G36: =F38/F37 -> 1.4661243 | H36: 3676 | I36: =H38/H37 -> 1.4896552
A37: 36 | C37: train loss / train diff % | D37: 0.8665 | E37: =(D37-D34)/D34 -> -0.01979638 | F37: 0.7867 | G37: =(F37-F34)/F34 -> -0.03306293 | H37: 0.7685 | I37: =(H37-H34)/H34 -> -0.029671717
A38: 37 | C38: val loss / val diff % | D38: 1.23 | E38: =(D38-D35)/D35 -> -0.0054980595 | F38: 1.1534 | G38: =(F38-F35)/F35 -> -0.014945768 | H38: 1.1448 | I38: =(H38-H35)/H35 -> -0.0015698587
A39: 38 | B39: 20000 | C39: duration / val/train | D39: 2911 | E39: =D41/D40 -> 1.4445756 | F39: 3762 | G39: =F41/F40 -> 1.4733359 | H39: 4072 | I39: =H41/H40 -> 1.5006605
A40: 39 | C40: train loss / train diff % | D40: 0.8471 | E40: =(D40-D37)/D37 -> -0.022388921 | F40: 0.7707 | G40: =(F40-F37)/F37 -> -0.020338121 | H40: 0.757 | I40: =(H40-H37)/H37 -> -0.014964216
A41: 40 | C41: val loss / val diff % | D41: 1.2237 | E41: =(D41-D38)/D38 -> -0.0051219512 | F41: 1.1355 | G41: =(F41-F38)/F38 -> -0.015519334 | H41: 1.136 | I41: =(H41-H38)/H38 -> -0.0076869322
A42: 41 | B42: 22000 | C42: duration / val/train | D42: 3201 | E42: =D44/D43 -> 1.4416927 | F42: 4138 | G42: =F44/F43 -> 1.5248406 | H42: 4483 | I42: =H44/H43 -> 1.5283961
A43: 42 | C43: train loss / train diff % | D43: 0.8318 | E43: =(D43-D40)/D40 -> -0.018061622 | F43: 0.7528 | G43: =(F43-F40)/F40 -> -0.023225639 | H43: 0.7413 | I43: =(H43-H40)/H40 -> -0.020739762
A44: 43 | C44: val loss / val diff % | D44: 1.1992 | E44: =(D44-D41)/D41 -> -0.020021247 | F44: 1.1479 | G44: =(F44-F41)/F41 -> 0.010920299 | H44: 1.133 | I44: =(H44-H41)/H41 -> -0.0026408451
A45: 44 | B45: 24000 | C45: duration / val/train | D45: 3491 | E45: =D47/D46 -> 1.4743369 | F45: 4510 | G45: =F47/F46 -> 1.5059708 | H45: 4876 | I45: =H47/H46 -> 1.5531532
A46: 45 | C46: train loss / train diff % | D46: 0.8144 | E46: =(D46-D43)/D43 -> -0.02091849 | F46: 0.7453 | G46: =(F46-F43)/F43 -> -0.0099628055 | H46: 0.7215 | I46: =(H46-H43)/H43 -> -0.026709834
A47: 46 | C47: val loss / val diff % | D47: 1.2007 | E47: =(D47-D44)/D44 -> 0.0012508339 | F47: 1.1224 | G47: =(F47-F44)/F44 -> -0.022214479 | H47: 1.1206 | I47: =(H47-H44)/H44 -> -0.010944395
A48: 47 | B48: 26000 | C48: duration / val/train | D48: 3781 | E48: =D50/D49 -> 1.4702077 | F48: 4887 | G48: =F50/F49 -> 1.5505603 | H48: 5271 | I48: =H50/H49 -> 1.5404138
A49: 48 | C49: train loss / train diff % | D49: 0.8039 | E49: =(D49-D46)/D46 -> -0.012892927 | F49: 0.7318 | G49: =(F49-F46)/F46 -> -0.018113511 | H49: 0.725 | I49: =(H49-H46)/H46 -> 0.0048510049
A50: 49 | C50: val loss / val diff % | D50: 1.1819 | E50: =(D50-D47)/D47 -> -0.015657533 | F50: 1.1347 | G50: =(F50-F47)/F47 -> 0.01095866 | H50: 1.1168 | I50: =(H50-H47)/H47 -> -0.0033910405
A51: 50 | B51: 28000 | C51: duration / val/train | D51: 4071 | E51: =D53/D52 -> 1.460864 | F51: 5258 | G51: =F53/F52 -> 1.540884 | H51: 5663 | I51: =H53/H52 -> 1.5580776
A52: 51 | C52: train loss / train diff % | D52: 0.787 | E52: =(D52-D49)/D49 -> -0.021022515 | F52: 0.724 | G52: =(F52-F49)/F49 -> -0.01065865 | H52: 0.7137 | I52: =(H52-H49)/H49 -> -0.015586207
A53: 52 | C53: val loss / val diff % | D53: 1.1497 | E53: =(D53-D50)/D50 -> -0.027244268 | F53: 1.1156 | G53: =(F53-F50)/F50 -> -0.016832643 | H53: 1.112 | I53: =(H53-H50)/H50 -> -0.0042979943
A54: 53 | B54: 30000 | C54: duration / val/train | D54: 4361 | E54: =D56/D55 -> 1.4880771 | F54: 5642 | G54: =F56/F55 -> 1.5665687 | H54: 6052 | I54: =H56/H55 -> 1.6108955
A55: 54 | C55: train loss / train diff % | D55: 0.7884 | E55: =(D55-D52)/D52 -> 0.0017789072 | F55: 0.7143 | G55: =(F55-F52)/F52 -> -0.01339779 | H55: 0.6957 | I55: =(H55-H52)/H52 -> -0.025220681
A56: 55 | C56: val loss / val diff % | D56: 1.1732 | E56: =(D56-D53)/D53 -> 0.020440115 | F56: 1.119 | G56: =(F56-F53)/F53 -> 0.0030476873 | H56: 1.1207 | I56: =(H56-H53)/H53 -> 0.007823741
A57: 56 | B57: 32000 | C57: duration / val/train | D57: 4651 | E57: =D59/D58 -> 1.5001929 | F57: 6010 | G57: =F59/F58 -> 1.5816615 | H57: 6441 | I57: =H59/H58 -> 1.5717385
A58: 57 | C58: train loss / train diff % | D58: 0.7775 | E58: =(D58-D55)/D55 -> -0.013825469 | F58: 0.7078 | G58: =(F58-F55)/F55 -> -0.009099818 | H58: 0.6914 | I58: =(H58-H55)/H55 -> -0.0061808251
A59: 58 | C59: val loss / val diff % | D59: 1.1664 | E59: =(D59-D56)/D56 -> -0.0057961132 | F59: 1.1195 | G59: =(F59-F56)/F56 -> 0.00044682752 | H59: 1.0867 | I59: =(H59-H56)/H56 -> -0.030338181
A60: 59 | B60: 34000 | C60: duration / val/train | D60: 4941 | E60: =D62/D61 -> 1.5263849 | F60: 6385 | G60: =F62/F61 -> 1.5946024 | H60: 6830 | I60: =H62/H61 -> 1.6082444
A61: 60 | C61: train loss / train diff % | D61: 0.7618 | E61: =(D61-D58)/D58 -> -0.020192926 | F61: 0.6966 | G61: =(F61-F58)/F58 -> -0.015823679 | H61: 0.6841 | I61: =(H61-H58)/H58 -> -0.010558288
A62: 61 | C62: val loss / val diff % | D62: 1.1628 | E62: =(D62-D59)/D59 -> -0.0030864198 | F62: 1.1108 | G62: =(F62-F59)/F59 -> -0.0077713265 | H62: 1.1002 | I62: =(H62-H59)/H59 -> 0.012422932
A63: 62 | B63: 36000 | C63: duration / val/train | D63: 5231 | E63: =D65/D64 -> 1.5094987 | F63: 6767 | G63: =F65/F64 -> 1.6345097 | H63: 7219 | I63: =H65/H64 -> 1.6398381
A64: 63 | C64: train loss / train diff % | D64: 0.758 | E64: =(D64-D61)/D61 -> -0.0049881859 | F64: 0.6914 | G64: =(F64-F61)/F61 -> -0.0074648292 | H64: 0.6672 | I64: =(H64-H61)/H61 -> -0.024703991
A65: 64 | C65: val loss / val diff % | D65: 1.1442 | E65: =(D65-D62)/D62 -> -0.015995872 | F65: 1.1301 | G65: =(F65-F62)/F62 -> 0.017374865 | H65: 1.0941 | I65: =(H65-H62)/H62 -> -0.0055444465
A66: 65 | B66: 38000 | C66: duration / val/train | D66: 5521 | E66: =D68/D67 -> 1.5177305 | F66: 7151 | G66: =F68/F67 -> 1.6059632 | H66: 7608 | I66: =H68/H67 -> 1.6377201
A67: 66 | C67: train loss / train diff % | D67: 0.7473 | E67: =(D67-D64)/D64 -> -0.014116095 | F67: 0.6842 | G67: =(F67-F64)/F64 -> -0.010413653 | H67: 0.6702 | I67: =(H67-H64)/H64 -> 0.0044964029
A68: 67 | C68: val loss / val diff % | D68: 1.1342 | E68: =(D68-D65)/D65 -> -0.0087397308 | F68: 1.0988 | G68: =(F68-F65)/F65 -> -0.027696664 | H68: 1.0976 | I68: =(H68-H65)/H65 -> 0.0031989763
A69: 68 | B69: 40000 | C69: duration / val/train | D69: 5812 | E69: =D71/D70 -> 1.5255932 | F69: 7547 | G69: =F71/F70 -> 1.6359982 | H69: 7997 | I69: =H71/H70 -> 1.6377953
A70: 69 | C70: train loss / train diff % | D70: 0.7502 | E70: =(D70-D67)/D67 -> 0.003880637 | F70: 0.6717 | G70: =(F70-F67)/F67 -> -0.018269512 | H70: 0.6604 | I70: =(H70-H67)/H67 -> -0.014622501
A71: 70 | C71: val loss / val diff % | D71: 1.1445 | E71: =(D71-D68)/D68 -> 0.0090812908 | F71: 1.0989 | G71: =(F71-F68)/F68 -> 9.1008373e-05 | H71: 1.0816 | I71: =(H71-H68)/H68 -> -0.014577259
A72: 71 | B72: 42000 | C72: duration / val/train | D72: 6102 | E72: =D74/D73 -> 1.5504982 | F72: 7936 | G72: =F74/F73 -> 1.6438152 | H72: 8386 | I72: =H74/H73 -> 1.6391377
A73: 72 | C73: train loss / train diff % | D73: 0.7426 | E73: =(D73-D70)/D70 -> -0.010130632 | F73: 0.671 | G73: =(F73-F70)/F70 -> -0.0010421319 | H73: 0.6587 | I73: =(H73-H70)/H70 -> -0.0025741975
A74: 73 | C74: val loss / val diff % | D74: 1.1514 | E74: =(D74-D71)/D71 -> 0.0060288336 | F74: 1.103 | G74: =(F74-F71)/F71 -> 0.0037310037 | H74: 1.0797 | I74: =(H74-H71)/H71 -> -0.0017566568
A75: 74 | B75: 44000 | C75: duration / val/train | D75: 6392 | E75: =D77/D76 -> 1.5539734 | F75: 8340 | G75: =F77/F76 -> 1.6529235 | H75: 8775 | I75: =H77/H76 -> 1.6933272
A76: 75 | C76: train loss / train diff % | D76: 0.7374 | E76: =(D76-D73)/D73 -> -0.0070024239 | F76: 0.667 | G76: =(F76-F73)/F73 -> -0.0059612519 | H76: 0.6489 | I76: =(H76-H73)/H73 -> -0.01487779
A77: 76 | C77: val loss / val diff % | D77: 1.1459 | E77: =(D77-D74)/D74 -> -0.0047767935 | F77: 1.1025 | G77: =(F77-F74)/F74 -> -0.00045330916 | H77: 1.0988 | I77: =(H77-H74)/H74 -> 0.017690099
A78: 77 | B78: 46000 | C78: duration / val/train | D78: 6682 | E78: =D80/D79 -> 1.5538861 | F78: 8742 | G78: =F80/F79 -> 1.686319 | H78: 9164 | I78: =H80/H79 -> 1.6959073
A79: 78 | C79: train loss / train diff % | D79: 0.7321 | E79: =(D79-D76)/D76 -> -0.0071874152 | F79: 0.6615 | G79: =(F79-F76)/F76 -> -0.0082458771 | H79: 0.6475 | I79: =(H79-H76)/H76 -> -0.0021574973
A80: 79 | C80: val loss / val diff % | D80: 1.1376 | E80: =(D80-D77)/D77 -> -0.0072432149 | F80: 1.1155 | G80: =(F80-F77)/F77 -> 0.011791383 | H80: 1.0981 | I80: =(H80-H77)/H77 -> -0.00063705861
A81: 80 | B81: 48000 | C81: duration / val/train | D81: 6972 | E81: =D83/D82 -> 1.5241605 | F81: 9139 | G81: =F83/F82 -> 1.6802085 | H81: 9553 | I81: =H83/H82 -> 1.7063133
A82: 81 | C82: train loss / train diff % | D82: 0.7326 | E82: =(D82-D79)/D79 -> 0.00068296681 | F82: 0.6523 | G82: =(F82-F79)/F79 -> -0.013907785 | H82: 0.6415 | I82: =(H82-H79)/H79 -> -0.0092664093
A83: 82 | C83: val loss / val diff % | D83: 1.1166 | E83: =(D83-D80)/D80 -> -0.018459916 | F83: 1.096 | G83: =(F83-F80)/F80 -> -0.01748095 | H83: 1.0946 | I83: =(H83-H80)/H80 -> -0.0031873236
A84: 83 | B84: 50000 | C84: duration / val/train | D84: 7262 | E84: =D86/D85 -> 1.5499586 | F84: 9523 | G84: =F86/F85 -> 1.6916935 | H84: 9942 | I84: =H86/H85 -> 1.7086676
A85: 84 | C85: train loss / train diff % | D85: 0.7246 | E85: =(D85-D82)/D82 -> -0.010920011 | F85: 0.6513 | G85: =(F85-F82)/F82 -> -0.0015330369 | H85: 0.6357 | I85: =(H85-H82)/H82 -> -0.0090413094
A86: 85 | C86: val loss / val diff % | D86: 1.1231 | E86: =(D86-D83)/D83 -> 0.0058212431 | F86: 1.1018 | G86: =(F86-F83)/F83 -> 0.0052919708 | H86: 1.0862 | I86: =(H86-H83)/H83 -> -0.0076740362
A87: 86 | B87: 52000 | C87: duration / val/train | D87: 7552 | E87: =D89/D88 -> 1.5623872 | F87: 9897 | G87: =F89/F88 -> 1.7166667 | H87: 10331 | I87: =H89/H88 -> 1.7432774
A88: 87 | C88: train loss / train diff % | D88: 0.7205 | E88: =(D88-D85)/D85 -> -0.0056582942 | F88: 0.648 | G88: =(F88-F85)/F85 -> -0.0050667895 | H88: 0.6322 | I88: =(H88-H85)/H85 -> -0.0055057417
A89: 88 | C89: val loss / val diff % | D89: 1.1257 | E89: =(D89-D86)/D86 -> 0.0023150209 | F89: 1.1124 | G89: =(F89-F86)/F86 -> 0.0096206208 | H89: 1.1021 | I89: =(H89-H86)/H86 -> 0.014638188
A90: 89 | B90: 54000 | C90: duration / val/train | D90: 7842 | E90: =D92/D91 -> 1.5673184 | F90: 10278 | G90: =F92/F91 -> 1.6962871 | H90: 10720 | I90: =H92/H91 -> 1.7481875
A91: 90 | C91: train loss / train diff % | D91: 0.716 | E91: =(D91-D88)/D88 -> -0.0062456627 | F91: 0.6437 | G91: =(F91-F88)/F88 -> -0.0066358025 | H91: 0.6207 | I91: =(H91-H88)/H88 -> -0.018190446
A92: 91 | C92: val loss / val diff % | D92: 1.1222 | E92: =(D92-D89)/D89 -> -0.0031091765 | F92: 1.0919 | G92: =(F92-F89)/F89 -> -0.018428623 | H92: 1.0851 | I92: =(H92-H89)/H89 -> -0.015425098
A93: 92 | B93: 56000 | C93: duration / val/train | D93: 8132 | E93: =D95/D94 -> 1.5921404 | F93: 10658 | G93: =F95/F94 -> 1.7447447 | H93: 11109 | I93: =H95/H94 -> 1.7322034
A94: 93 | C94: train loss / train diff % | D94: 0.7125 | E94: =(D94-D91)/D91 -> -0.0048882682 | F94: 0.6327 | G94: =(F94-F91)/F91 -> -0.017088706 | H94: 0.6195 | I94: =(H94-H91)/H91 -> -0.0019333011
A95: 94 | C95: val loss / val diff % | D95: 1.1344 | E95: =(D95-D92)/D92 -> 0.010871502 | F95: 1.1039 | G95: =(F95-F92)/F92 -> 0.010990017 | H95: 1.0731 | I95: =(H95-H92)/H92 -> -0.011058889
A96: 95 | B96: 58000 | C96: duration / val/train | D96: 8422 | E96: =D98/D97 -> 1.5948276 | F96: 11025 | G96: =F98/F97 -> 1.7446741 | H96: 11498 | I96: =H98/H97 -> 1.7680596
A97: 96 | C97: train loss / train diff % | D97: 0.7076 | E97: =(D97-D94)/D94 -> -0.006877193 | F97: 0.6337 | G97: =(F97-F94)/F94 -> 0.0015805279 | H97: 0.6174 | I97: =(H97-H94)/H94 -> -0.0033898305
A98: 97 | C98: val loss / val diff % | D98: 1.1285 | E98: =(D98-D95)/D95 -> -0.0052009873 | F98: 1.1056 | G98: =(F98-F95)/F95 -> 0.0015399946 | H98: 1.0916 | I98: =(H98-H95)/H95 -> 0.017239773
A99: 98 | B99: 60000 | C99: duration / val/train | D99: 8712 | E99: =D101/D100 -> 1.5893314 | F99: 11390 | G99: =F101/F100 -> 1.7732973 | H99: 11886 | I99: =H101/H100 -> 1.7730381
A100: 99 | C100: train loss / train diff % | D100: 0.703 | E100: =(D100-D97)/D97 -> -0.0065008479 | F100: 0.6299 | G100: =(F100-F97)/F97 -> -0.0059965283 | H100: 0.6142 | I100: =(H100-H97)/H97 -> -0.0051830256
...

Sheet Step1_checkponts
A1: № | B1: Checkpoints | C1: Params | D1: =D3&"/"&D4&"/"&D5&"/"&D6&"/"&TEXT(D7,"0.00")&"/"&D8 -> 12/128/4/2048/0.10/4 | E1: =E3&"/"&E4&"/"&E5&"/"&E6&"/"&TEXT(E7,"0.00")&"/"&E8 -> 10/192/6/2048/0.10/4 | F1: =F3&"/"&F4&"/"&F5&"/"&F6&"/"&TEXT(F7,"0.00")&"/"&F8 -> 8/256/8/2048/0.15/4
A2: 1 | C2: model size, M | D2: =($J$2*D4+D4*D6+D3*(12*D4^2+13*D4)+D4*$J$2)/1000000 -> 2.688768 | E2: =($J$2*E4+E4*E6+E3*(12*E4^2+13*E4)+E4*$J$2)/1000000 -> 4.912896 | F2: =($J$2*F4+F4*F6+F3*(12*F4^2+13*F4)+F4*$J$2)/1000000 -> 6.937088 | I2: vocab_size | J2: 185
A3: 2 | C3: n_layer | D3: 12 | E3: 10 | F3: 8
A4: 3 | C4: n_embd | D4: 128 | E4: 192 | F4: 256
A5: 4 | C5: n_head | D5: 4 | E5: 6 | F5: 8
A6: 5 | C6: block_size | D6: 2048 | E6: 2048 | F6: 2048
A7: 6 | C7: dropout | D7: 0.1 | E7: 0.1 | F7: 0.15
A8: 7 | C8: batch_size | D8: 4 | E8: 4 | F8: 4
A9: 8 | B9: val loss plateau | C9: iterations | D9: 96000 | E9: 38000 | F9: 32000
A10: 9 | C10: duration | D10: 13934 | E10: 7151 | F10: 6441
A11: 10 | C11: train loss | D11: 0.6692 | E11: 0.6842 | F11: 0.6914
A12: 11 | C12: val loss | D12: 1.106 | E12: 1.0988 | F12: 1.0867
A13: 12 | B13: min val loss | C13: iterations | D13: 232000 | E13: 76000 | F13: 56000
A14: 13 | C14: duration | D14: 34159 | E14: 14321 | F14: 11109
A15: 14 | C15: train loss | D15: 0.6136 | E15: 0.6078 | F15: 0.6195
A16: 15 | C16: val loss | D16: 1.0808 | E16: 1.0877 | F16: 1.0731
A17: 16 | B17: min train loss | C17: iterations | D17: 252000 | E17: 180000 | F17: 196000
A18: 17 | C18: duration | D18: 37172 | E18: 33606 | F18: 39193
A19: 18 | C19: train loss | D19: 0.6035 | E19: 0.5224 | F19: 0.5035
A20: 19 | C20: val loss | D20: 1.1132 | E20: 1.1467 | F20: 1.1503

Sheet Graph1_data
A1: # | B1: iterations | C1: =Step1_final!D1 -> 12/128/4/2048/0.10/4 | F1: =Step1_final!F1 -> 10/192/6/2048/0.10/4 | I1: =Step1_final!H1 -> 8/256/8/2048/0.15/4
C2: Duration | D2: Train loss | E2: Val loss | F2: Duration | G2: Train loss | H2: Val loss | I2: Duration | J2: Train loss | K2: Val loss
A3: 1 | B3: 0 | C3: {=INDEX(Step1_final!D:D, 3 + (ROW(C3)-1)*3)} -> 5 | D3: {=INDEX(Step1_final!D:D, 4 + (ROW(D3)-1)*3)} -> 4.6763 | E3: {=INDEX(Step1_final!D:D, 5 + (ROW(E3)-1)*3)} -> 4.7457 | F3: {=INDEX(Step1_final!F:F, 3 + (ROW(F3)-1)*3)} -> 5 | G3: {=INDEX(Step1_final!F:F, 4 + (ROW(G3)-1)*3)} -> 4.585 | H3: {=INDEX(Step1_final!F:F, 5 + (ROW(H3)-1)*3)} -> 4.7585 | I3: {=INDEX(Step1_final!H:H, 3 + (ROW(I3)-1)*3)} -> 5 | J3: {=INDEX(Step1_final!H:H, 4 + (ROW(J3)-1)*3)} -> 4.5445 | K3: {=INDEX(Step1_final!H:H, 5 + (ROW(K3)-1)*3)} -> 4.6561
A4: 2 | B4: 2000 | C4: {=INDEX(Step1_final!D:D, 3 + (ROW(C4)-1)*3)} -> 297 | D4: {=INDEX(Step1_final!D:D, 4 + (ROW(D4)-1)*3)} -> 2.4462 | E4: {=INDEX(Step1_final!D:D, 5 + (ROW(E4)-1)*3)} -> 2.7286 | F4: {=INDEX(Step1_final!F:F, 3 + (ROW(F4)-1)*3)} -> 403 | G4: {=INDEX(Step1_final!F:F, 4 + (ROW(G4)-1)*3)} -> 2.4113 | H4: {=INDEX(Step1_final!F:F, 5 + (ROW(H4)-1)*3)} -> 2.6949 | I4: {=INDEX(Step1_final!H:H, 3 + (ROW(I4)-1)*3)} -> 408 | J4: {=INDEX(Step1_final!H:H, 4 + (ROW(J4)-1)*3)} -> 2.3913 | K4: {=INDEX(Step1_final!H:H, 5 + (ROW(K4)-1)*3)} -> 2.6845
A5: 3 | B5: 4000 | C5: {=INDEX(Step1_final!D:D, 3 + (ROW(C5)-1)*3)} -> 590 | D5: {=INDEX(Step1_final!D:D, 4 + (ROW(D5)-1)*3)} -> 1.9095 | E5: {=INDEX(Step1_final!D:D, 5 + (ROW(E5)-1)*3)} -> 2.2991 | F5: {=INDEX(Step1_final!F:F, 3 + (ROW(F5)-1)*3)} -> 799 | G5: {=INDEX(Step1_final!F:F, 4 + (ROW(G5)-1)*3)} -> 1.5336 | H5: {=INDEX(Step1_final!F:F, 5 + (ROW(H5)-1)*3)} -> 1.9496 | I5: {=INDEX(Step1_final!H:H, 3 + (ROW(I5)-1)*3)} -> 814 | J5: {=INDEX(Step1_final!H:H, 4 + (ROW(J5)-1)*3)} -> 1.3686 | K5: {=INDEX(Step1_final!H:H, 5 + (ROW(K5)-1)*3)} -> 1.7409
A6: 4 | B6: 6000 | C6: {=INDEX(Step1_final!D:D, 3 + (ROW(C6)-1)*3)} -> 880 | D6: {=INDEX(Step1_final!D:D, 4 + (ROW(D6)-1)*3)} -> 1.2713 | E6: {=INDEX(Step1_final!D:D, 5 + (ROW(E6)-1)*3)} -> 1.6516 | F6: {=INDEX(Step1_final!F:F, 3 + (ROW(F6)-1)*3)} -> 1192 | G6: {=INDEX(Step1_final!F:F, 4 + (ROW(G6)-1)*3)} -> 1.0791 | H6: {=INDEX(Step1_final!F:F, 5 + (ROW(H6)-1)*3)} -> 1.4426 | I6: {=INDEX(Step1_final!H:H, 3 + (ROW(I6)-1)*3)} -> 1215 | J6: {=INDEX(Step1_final!H:H, 4 + (ROW(J6)-1)*3)} -> 1.037 | K6: {=INDEX(Step1_final!H:H, 5 + (ROW(K6)-1)*3)} -> 1.3788
A7: 5 | B7: 8000 | C7: {=INDEX(Step1_final!D:D, 3 + (ROW(C7)-1)*3)} -> 1170 | D7: {=INDEX(Step1_final!D:D, 4 + (ROW(D7)-1)*3)} -> 1.0816 | E7: {=INDEX(Step1_final!D:D, 5 + (ROW(E7)-1)*3)} -> 1.4545 | F7: {=INDEX(Step1_final!F:F, 3 + (ROW(F7)-1)*3)} -> 1570 | G7: {=INDEX(Step1_final!F:F, 4 + (ROW(G7)-1)*3)} -> 0.9568 | H7: {=INDEX(Step1_final!F:F, 5 + (ROW(H7)-1)*3)} -> 1.3024 | I7: {=INDEX(Step1_final!H:H, 3 + (ROW(I7)-1)*3)} -> 1618 | J7: {=INDEX(Step1_final!H:H, 4 + (ROW(J7)-1)*3)} -> 0.9385 | K7: {=INDEX(Step1_final!H:H, 5 + (ROW(K7)-1)*3)} -> 1.2751
A8: 6 | B8: 10000 | C8: {=INDEX(Step1_final!D:D, 3 + (ROW(C8)-1)*3)} -> 1460 | D8: {=INDEX(Step1_final!D:D, 4 + (ROW(D8)-1)*3)} -> 1.0036 | E8: {=INDEX(Step1_final!D:D, 5 + (ROW(E8)-1)*3)} -> 1.3441 | F8: {=INDEX(Step1_final!F:F, 3 + (ROW(F8)-1)*3)} -> 1938 | G8: {=INDEX(Step1_final!F:F, 4 + (ROW(G8)-1)*3)} -> 0.9056 | H8: {=INDEX(Step1_final!F:F, 5 + (ROW(H8)-1)*3)} -> 1.245 | I8: {=INDEX(Step1_final!H:H, 3 + (ROW(I8)-1)*3)} -> 2033 | J8: {=INDEX(Step1_final!H:H, 4 + (ROW(J8)-1)*3)} -> 0.8785 | K8: {=INDEX(Step1_final!H:H, 5 + (ROW(K8)-1)*3)} -> 1.1967
A9: 7 | B9: 12000 | C9: {=INDEX(Step1_final!D:D, 3 + (ROW(C9)-1)*3)} -> 1750 | D9: {=INDEX(Step1_final!D:D, 4 + (ROW(D9)-1)*3)} -> 0.9448 | E9: {=INDEX(Step1_final!D:D, 5 + (ROW(E9)-1)*3)} -> 1.3119 | F9: {=INDEX(Step1_final!F:F, 3 + (ROW(F9)-1)*3)} -> 2303 | G9: {=INDEX(Step1_final!F:F, 4 + (ROW(G9)-1)*3)} -> 0.8621 | H9: {=INDEX(Step1_final!F:F, 5 + (ROW(H9)-1)*3)} -> 1.2083 | I9: {=INDEX(Step1_final!H:H, 3 + (ROW(I9)-1)*3)} -> 2436 | J9: {=INDEX(Step1_final!H:H, 4 + (ROW(J9)-1)*3)} -> 0.8398 | K9: {=INDEX(Step1_final!H:H, 5 + (ROW(K9)-1)*3)} -> 1.1825
A10: 8 | B10: 14000 | C10: {=INDEX(Step1_final!D:D, 3 + (ROW(C10)-1)*3)} -> 2040 | D10: {=INDEX(Step1_final!D:D, 4 + (ROW(D10)-1)*3)} -> 0.9185 | E10: {=INDEX(Step1_final!D:D, 5 + (ROW(E10)-1)*3)} -> 1.2947 | F10: {=INDEX(Step1_final!F:F, 3 + (ROW(F10)-1)*3)} -> 2668 | G10: {=INDEX(Step1_final!F:F, 4 + (ROW(G10)-1)*3)} -> 0.8294 | H10: {=INDEX(Step1_final!F:F, 5 + (ROW(H10)-1)*3)} -> 1.2134 | I10: {=INDEX(Step1_final!H:H, 3 + (ROW(I10)-1)*3)} -> 2845 | J10: {=INDEX(Step1_final!H:H, 4 + (ROW(J10)-1)*3)} -> 0.8098 | K10: {=INDEX(Step1_final!H:H, 5 + (ROW(K10)-1)*3)} -> 1.1592
A11: 9 | B11: 16000 | C11: {=INDEX(Step1_final!D:D, 3 + (ROW(C11)-1)*3)} -> 2331 | D11: {=INDEX(Step1_final!D:D, 4 + (ROW(D11)-1)*3)} -> 0.884 | E11: {=INDEX(Step1_final!D:D, 5 + (ROW(E11)-1)*3)} -> 1.2368 | F11: {=INDEX(Step1_final!F:F, 3 + (ROW(F11)-1)*3)} -> 3033 | G11: {=INDEX(Step1_final!F:F, 4 + (ROW(G11)-1)*3)} -> 0.8136 | H11: {=INDEX(Step1_final!F:F, 5 + (ROW(H11)-1)*3)} -> 1.1709 | I11: {=INDEX(Step1_final!H:H, 3 + (ROW(I11)-1)*3)} -> 3261 | J11: {=INDEX(Step1_final!H:H, 4 + (ROW(J11)-1)*3)} -> 0.792 | K11: {=INDEX(Step1_final!H:H, 5 + (ROW(K11)-1)*3)} -> 1.1466
A12: 10 | B12: 18000 | C12: {=INDEX(Step1_final!D:D, 3 + (ROW(C12)-1)*3)} -> 2621 | D12: {=INDEX(Step1_final!D:D, 4 + (ROW(D12)-1)*3)} -> 0.8665 | E12: {=INDEX(Step1_final!D:D, 5 + (ROW(E12)-1)*3)} -> 1.23 | F12: {=INDEX(Step1_final!F:F, 3 + (ROW(F12)-1)*3)} -> 3397 | G12: {=INDEX(Step1_final!F:F, 4 + (ROW(G12)-1)*3)} -> 0.7867 | H12: {=INDEX(Step1_final!F:F, 5 + (ROW(H12)-1)*3)} -> 1.1534 | I12: {=INDEX(Step1_final!H:H, 3 + (ROW(I12)-1)*3)} -> 3676 | J12: {=INDEX(Step1_final!H:H, 4 + (ROW(J12)-1)*3)} -> 0.7685 | K12: {=INDEX(Step1_final!H:H, 5 + (ROW(K12)-1)*3)} -> 1.1448
A13: 11 | B13: 20000 | C13: {=INDEX(Step1_final!D:D, 3 + (ROW(C13)-1)*3)} -> 2911 | D13: {=INDEX(Step1_final!D:D, 4 + (ROW(D13)-1)*3)} -> 0.8471 | E13: {=INDEX(Step1_final!D:D, 5 + (ROW(E13)-1)*3)} -> 1.2237 | F13: {=INDEX(Step1_final!F:F, 3 + (ROW(F13)-1)*3)} -> 3762 | G13: {=INDEX(Step1_final!F:F, 4 + (ROW(G13)-1)*3)} -> 0.7707 | H13: {=INDEX(Step1_final!F:F, 5 + (ROW(H13)-1)*3)} -> 1.1355 | I13: {=INDEX(Step1_final!H:H, 3 + (ROW(I13)-1)*3)} -> 4072 | J13: {=INDEX(Step1_final!H:H, 4 + (ROW(J13)-1)*3)} -> 0.757 | K13: {=INDEX(Step1_final!H:H, 5 + (ROW(K13)-1)*3)} -> 1.136
A14: 12 | B14: 22000 | C14: {=INDEX(Step1_final!D:D, 3 + (ROW(C14)-1)*3)} -> 3201 | D14: {=INDEX(Step1_final!D:D, 4 + (ROW(D14)-1)*3)} -> 0.8318 | E14: {=INDEX(Step1_final!D:D, 5 + (ROW(E14)-1)*3)} -> 1.1992 | F14: {=INDEX(Step1_final!F:F, 3 + (ROW(F14)-1)*3)} -> 4138 | G14: {=INDEX(Step1_final!F:F, 4 + (ROW(G14)-1)*3)} -> 0.7528 | H14: {=INDEX(Step1_final!F:F, 5 + (ROW(H14)-1)*3)} -> 1.1479 | I14: {=INDEX(Step1_final!H:H, 3 + (ROW(I14)-1)*3)} -> 4483 | J14: {=INDEX(Step1_final!H:H, 4 + (ROW(J14)-1)*3)} -> 0.7413 | K14: {=INDEX(Step1_final!H:H, 5 + (ROW(K14)-1)*3)} -> 1.133
... A113: 111 | B113: 220000 | C113: {=INDEX(Step1_final!D:D, 3 + (ROW(C113)-1)*3)} -> 32415 | D113: {=INDEX(Step1_final!D:D, 4 + (ROW(D113)-1)*3)} -> 0.6127 | E113: {=INDEX(Step1_final!D:D, 5 + (ROW(E113)-1)*3)} -> 1.096 | F113: {=INDEX(Step1_final!F:F, 3 + (ROW(F113)-1)*3)} -> 41145 | G113: {=INDEX(Step1_final!F:F, 4 + (ROW(G113)-1)*3)} -> 0.5122 | H113: {=INDEX(Step1_final!F:F, 5 + (ROW(H113)-1)*3)} -> 1.1666 | I113: {=INDEX(Step1_final!H:H, 3 + (ROW(I113)-1)*3)} -> 44059 | J113: {=INDEX(Step1_final!H:H, 4 + (ROW(J113)-1)*3)} -> 0.5014 | K113: {=INDEX(Step1_final!H:H, 5 + (ROW(K113)-1)*3)} -> 1.1291
A114: 112 | B114: 222000 | C114: {=INDEX(Step1_final!D:D, 3 + (ROW(C114)-1)*3)} -> 32708 | D114: {=INDEX(Step1_final!D:D, 4 + (ROW(D114)-1)*3)} -> 0.6142 | E114: {=INDEX(Step1_final!D:D, 5 + (ROW(E114)-1)*3)} -> 1.0944 | F114: {=INDEX(Step1_final!F:F, 3 + (ROW(F114)-1)*3)} -> 41510 | G114: {=INDEX(Step1_final!F:F, 4 + (ROW(G114)-1)*3)} -> 0.5113 | H114: {=INDEX(Step1_final!F:F, 5 + (ROW(H114)-1)*3)} -> 1.1604
A115: 113 | B115: 224000 | C115: {=INDEX(Step1_final!D:D, 3 + (ROW(C115)-1)*3)} -> 32998 | D115: {=INDEX(Step1_final!D:D, 4 + (ROW(D115)-1)*3)} -> 0.6119 | E115: {=INDEX(Step1_final!D:D, 5 + (ROW(E115)-1)*3)} -> 1.1004 | F115: {=INDEX(Step1_final!F:F, 3 + (ROW(F115)-1)*3)} -> 41874 | G115: {=INDEX(Step1_final!F:F, 4 + (ROW(G115)-1)*3)} -> 0.5128 | H115: {=INDEX(Step1_final!F:F, 5 + (ROW(H115)-1)*3)} -> 1.1785
A116: 114 | B116: 226000 | C116: {=INDEX(Step1_final!D:D, 3 + (ROW(C116)-1)*3)} -> 33289 | D116: {=INDEX(Step1_final!D:D, 4 + (ROW(D116)-1)*3)} -> 0.609 | E116: {=INDEX(Step1_final!D:D, 5 + (ROW(E116)-1)*3)} -> 1.1001 | F116: {=INDEX(Step1_final!F:F, 3 + (ROW(F116)-1)*3)} -> 42239 | G116: {=INDEX(Step1_final!F:F, 4 + (ROW(G116)-1)*3)} -> 0.5149 | H116: {=INDEX(Step1_final!F:F, 5 + (ROW(H116)-1)*3)} -> 1.1605
A117: 115 | B117: 228000 | C117: {=INDEX(Step1_final!D:D, 3 + (ROW(C117)-1)*3)} -> 33579 | D117: {=INDEX(Step1_final!D:D, 4 + (ROW(D117)-1)*3)} -> 0.6151 | E117: {=INDEX(Step1_final!D:D, 5 + (ROW(E117)-1)*3)} -> 1.1023 | F117: {=INDEX(Step1_final!F:F, 3 + (ROW(F117)-1)*3)} -> 42603 | G117: {=INDEX(Step1_final!F:F, 4 + (ROW(G117)-1)*3)} -> 0.5121 | H117: {=INDEX(Step1_final!F:F, 5 + (ROW(H117)-1)*3)} -> 1.1557
A118: 116 | B118: 230000 | C118: {=INDEX(Step1_final!D:D, 3 + (ROW(C118)-1)*3)} -> 33869 | D118: {=INDEX(Step1_final!D:D, 4 + (ROW(D118)-1)*3)} -> 0.6078 | E118: {=INDEX(Step1_final!D:D, 5 + (ROW(E118)-1)*3)} -> 1.1008 | F118: {=INDEX(Step1_final!F:F, 3 + (ROW(F118)-1)*3)} -> 42973 | G118: {=INDEX(Step1_final!F:F, 4 + (ROW(G118)-1)*3)} -> 0.5106 | H118: {=INDEX(Step1_final!F:F, 5 + (ROW(H118)-1)*3)} -> 1.1773
A119: 117 | B119: 232000 | C119: {=INDEX(Step1_final!D:D, 3 + (ROW(C119)-1)*3)} -> 34159 | D119: {=INDEX(Step1_final!D:D, 4 + (ROW(D119)-1)*3)} -> 0.6136 | E119: {=INDEX(Step1_final!D:D, 5 + (ROW(E119)-1)*3)} -> 1.0808
A120: 118 | B120: 234000 | C120: {=INDEX(Step1_final!D:D, 3 + (ROW(C120)-1)*3)} -> 34451 | D120: {=INDEX(Step1_final!D:D, 4 + (ROW(D120)-1)*3)} -> 0.6102 | E120: {=INDEX(Step1_final!D:D, 5 + (ROW(E120)-1)*3)} -> 1.1127
A121: 119 | B121: 236000 | C121: {=INDEX(Step1_final!D:D, 3 + (ROW(C121)-1)*3)} -> 34744 | D121: {=INDEX(Step1_final!D:D, 4 + (ROW(D121)-1)*3)} -> 0.6157 | E121: {=INDEX(Step1_final!D:D, 5 + (ROW(E121)-1)*3)} -> 1.116
A122: 120 | B122: 238000 | C122: {=INDEX(Step1_final!D:D, 3 + (ROW(C122)-1)*3)} -> 35044 | D122: {=INDEX(Step1_final!D:D, 4 + (ROW(D122)-1)*3)} -> 0.6132 | E122: {=INDEX(Step1_final!D:D, 5 + (ROW(E122)-1)*3)} -> 1.0977
A123: 121 | B123: 240000 | C123: {=INDEX(Step1_final!D:D, 3 + (ROW(C123)-1)*3)} -> 35338 | D123: {=INDEX(Step1_final!D:D, 4 + (ROW(D123)-1)*3)} -> 0.6052 | E123: {=INDEX(Step1_final!D:D, 5 + (ROW(E123)-1)*3)} -> 1.0809
A124: 122 | B124: 242000 | C124: {=INDEX(Step1_final!D:D, 3 + (ROW(C124)-1)*3)} -> 35635 | D124: {=INDEX(Step1_final!D:D, 4 + (ROW(D124)-1)*3)} -> 0.6081 | E124: {=INDEX(Step1_final!D:D, 5 + (ROW(E124)-1)*3)} -> 1.0902
A125: 123 | B125: 244000 | C125: {=INDEX(Step1_final!D:D, 3 + (ROW(C125)-1)*3)} -> 35934 | D125: {=INDEX(Step1_final!D:D, 4 + (ROW(D125)-1)*3)} -> 0.6055 | E125: {=INDEX(Step1_final!D:D, 5 + (ROW(E125)-1)*3)} -> 1.0919
A126: 124 | B126: 246000 | C126: {=INDEX(Step1_final!D:D, 3 + (ROW(C126)-1)*3)} -> 36252 | D126: {=INDEX(Step1_final!D:D, 4 + (ROW(D126)-1)*3)} -> 0.6056 | E126: {=INDEX(Step1_final!D:D, 5 + (ROW(E126)-1)*3)} -> 1.1141
A127: 125 | B127: 248000 | C127: {=INDEX(Step1_final!D:D, 3 + (ROW(C127)-1)*3)} -> 36563 | D127: {=INDEX(Step1_final!D:D, 4 + (ROW(D127)-1)*3)} -> 0.6052 | E127: {=INDEX(Step1_final!D:D, 5 + (ROW(E127)-1)*3)} -> 1.0907
A128: 126 | B128: 250000 | C128: {=INDEX(Step1_final!D:D, 3 + (ROW(C128)-1)*3)} -> 36873 | D128: {=INDEX(Step1_final!D:D, 4 + (ROW(D128)-1)*3)} -> 0.607 | E128: {=INDEX(Step1_final!D:D, 5 + (ROW(E128)-1)*3)} -> 1.104
A129: 127 | B129: 252000 | C129: {=INDEX(Step1_final!D:D, 3 + (ROW(C129)-1)*3)} -> 37172 | D129: {=INDEX(Step1_final!D:D, 4 + (ROW(D129)-1)*3)} -> 0.6035 | E129: {=INDEX(Step1_final!D:D, 5 + (ROW(E129)-1)*3)} -> 1.1132
A130: 128 | B130: 254000 | C130: {=INDEX(Step1_final!D:D, 3 + (ROW(C130)-1)*3)} -> 37469 | D130: {=INDEX(Step1_final!D:D, 4 + (ROW(D130)-1)*3)} -> 0.6047 | E130: {=INDEX(Step1_final!D:D, 5 + (ROW(E130)-1)*3)} -> 1.0907
... A146: 144 | B146: 286000 | C146: {=INDEX(Step1_final!D:D, 3 + (ROW(C146)-1)*3)} -> 42320 | D146: {=INDEX(Step1_final!D:D, 4 + (ROW(D146)-1)*3)} -> 0.6013 | E146: {=INDEX(Step1_final!D:D, 5 + (ROW(E146)-1)*3)} -> 1.1058

Sheet Graph1_1

Sheet Graph1_2

Sheet Step2_Models_plan
A1: № | B1: Stage/Params | C1: =C3&"/"&C4&"/"&C5&"/"&C6&"/"&TEXT(C7,"0.00")&"/"&C8 -> 12/128/4/2048/0.10/4 | D1: =D3&"/"&D4&"/"&D5&"/"&D6&"/"&TEXT(D7,"0.00")&"/"&D8 -> 10/192/6/2048/0.10/4 | E1: =E3&"/"&E4&"/"&E5&"/"&E6&"/"&TEXT(E7,"0.00")&"/"&E8 -> 8/256/8/2048/0.15/4
A2: 1 | B2: model size, M | C2: =($I$2*C4+C4*C6+C3*(12*C4^2+13*C4)+C4*$I$2)/1000000 -> 2.688768 | D2: =($I$2*D4+D4*D6+D3*(12*D4^2+13*D4)+D4*$I$2)/1000000 -> 4.912896 | E2: =($I$2*E4+E4*E6+E3*(12*E4^2+13*E4)+E4*$I$2)/1000000 -> 6.937088 | H2: vocab_size | I2: 185
A3: 2 | B3: n_layer | C3: 12 | D3: 10 | E3: 8
A4: 3 | B4: n_embd | C4: 128 | D4: 192 | E4: 256
A5: 4 | B5: n_head | C5: 4 | D5: 6 | E5: 8
A6: 5 | B6: block_size | C6: 2048 | D6: 2048 | E6: 2048
A7: 6 | B7: dropout | C7: 0.1 | D7: 0.1 | E7: 0.15
A8: 7 | B8: batch_size | C8: 4 | D8: 4 | E8: 4
A9: 8 | B9: Start stage 1 | C9: =K9&"/"&L9&"/"&M9&"/"&N9&"/"&TEXT(O9,"0.00")&"/"&P9 -> 2/32/1/128/0.00/64 | D9: =S9&"/"&T9&"/"&U9&"/"&V9&"/"&TEXT(W9,"0.00")&"/"&X9 -> 2/64/2/128/0.00/64 | E9: =AA9&"/"&AB9&"/"&AC9&"/"&AD9&"/"&TEXT(AE9,"0.00")&"/"&AF9 -> 2/64/2/128/0.00/64 | J9: =(Step1_with_dropout!$P$2*L9+L9*N9+K9*(12*L9^2+13*L9)+L9*Step1_with_dropout!$P$2)/1000000 -> 0.041344 | K9: 2 | L9: 32 | M9: 1 | N9: 128 | O9: 0 | P9: 64 | R9: =(Step1_with_dropout!$P$2*T9+T9*V9+S9*(12*T9^2+13*T9)+T9*Step1_with_dropout!$P$2)/1000000 -> 0.13184 | S9: 2 | T9: 64 | U9: 2 | V9: 128 | W9: 0 | X9: 64 | Z9: =(Step1_with_dropout!$P$2*AB9+AB9*AD9+AA9*(12*AB9^2+13*AB9)+AB9*Step1_with_dropout!$P$2)/1000000 -> 0.13184 | AA9: 2 | AB9: 64 | AC9: 2 | AD9: 128 | AE9: 0 | AF9: 64
A10: 9 | B10: Stage 2 | C10: =K10&"/"&L10&"/"&M10&"/"&N10&"/"&TEXT(O10,"0.00")&"/"&P10 -> 4/64/2/256/0.05/64 | D10: =S10&"/"&T10&"/"&U10&"/"&V10&"/"&TEXT(W10,"0.00")&"/"&X10 -> 4/96/3/256/0.05/64 | E10: =AA10&"/"&AB10&"/"&AC10&"/"&AD10&"/"&TEXT(AE10,"0.00")&"/"&AF10 -> 3/96/3/256/0.05/64 | J10: =(Step1_with_dropout!$P$2*L10+L10*N10+K10*(12*L10^2+13*L10)+L10*Step1_with_dropout!$P$2)/1000000 -> 0.24 | K10: 4 | L10: 64 | M10: 2 | N10: 256 | O10: 0.05 | P10: 64 | R10: =(Step1_with_dropout!$P$2*T10+T10*V10+S10*(12*T10^2+13*T10)+T10*Step1_with_dropout!$P$2)/1000000 -> 0.507456 | S10: 4 | T10: 96 | U10: 3 | V10: 256 | W10: 0.05 | X10: 64 | Z10: =(Step1_with_dropout!$P$2*AB10+AB10*AD10+AA10*(12*AB10^2+13*AB10)+AB10*Step1_with_dropout!$P$2)/1000000 -> 0.395616 | AA10: 3 | AB10: 96 | AC10: 3 | AD10: 256 | AE10: 0.05 | AF10: 64
A11: 10 | B11: Stage 3 | C11: =K11&"/"&L11&"/"&M11&"/"&N11&"/"&TEXT(O11,"0.00")&"/"&P11 -> 6/64/2/512/0.05/64 | D11: =S11&"/"&T11&"/"&U11&"/"&V11&"/"&TEXT(W11,"0.00")&"/"&X11 -> 6/128/4/512/0.05/64 | E11: =AA11&"/"&AB11&"/"&AC11&"/"&AD11&"/"&TEXT(AE11,"0.00")&"/"&AF11 -> 4/128/4/512/0.05/64 | J11: =(Step1_with_dropout!$P$2*L11+L11*N11+K11*(12*L11^2+13*L11)+L11*Step1_with_dropout!$P$2)/1000000 -> 0.356352 | K11: 6 | L11: 64 | M11: 2 | N11: 512 | O11: 0.05 | P11: 64 | R11: =(Step1_with_dropout!$P$2*T11+T11*V11+S11*(12*T11^2+13*T11)+T11*Step1_with_dropout!$P$2)/1000000 -> 1.302528 | S11: 6 | T11: 128 | U11: 4 | V11: 512 | W11: 0.05 | X11: 64 | Z11: =(Step1_with_dropout!$P$2*AB11+AB11*AD11+AA11*(12*AB11^2+13*AB11)+AB11*Step1_with_dropout!$P$2)/1000000 -> 0.905984 | AA11: 4 | AB11: 128 | AC11: 4 | AD11: 512 | AE11: 0.05 | AF11: 64
A12: 11 | B12: Stage 4 | C12: =K12&"/"&L12&"/"&M12&"/"&N12&"/"&TEXT(O12,"0.00")&"/"&P12 -> 9/96/3/1024/0.05/32 | D12: =S12&"/"&T12&"/"&U12&"/"&V12&"/"&TEXT(W12,"0.00")&"/"&X12 -> 8/160/5/1536/0.10/8 | E12: =AA12&"/"&AB12&"/"&AC12&"/"&AD12&"/"&TEXT(AE12,"0.00")&"/"&AF12 -> 6/192/6/1536/0.10/8 | J12: =(Step1_with_dropout!$P$2*L12+L12*N12+K12*(12*L12^2+13*L12)+L12*Step1_with_dropout!$P$2)/1000000 -> 1.140384 | K12: 9 | L12: 96 | M12: 3 | N12: 1024 | O12: 0.05 | P12: 32 | R12: =(Step1_with_dropout!$P$2*T12+T12*V12+S12*(12*T12^2+13*T12)+T12*Step1_with_dropout!$P$2)/1000000 -> 2.7792 | S12: 8 | T12: 160 | U12: 5 | V12: 1536 | W12: 0.1 | X12: 8 | Z12: =(Step1_with_dropout!$P$2*AB12+AB12*AD12+AA12*(12*AB12^2+13*AB12)+AB12*Step1_with_dropout!$P$2)/1000000 -> 3.035136 | AA12: 6 | AB12: 192 | AC12: 6 | AD12: 1536 | AE12: 0.1 | AF12: 8
A13: 12 | B13: Final Stage 5 | C13: =K13&"/"&L13&"/"&M13&"/"&N13&"/"&TEXT(O13,"0.00")&"/"&P13 -> 12/128/4/2048/0.10/4 | D13: =S13&"/"&T13&"/"&U13&"/"&V13&"/"&TEXT(W13,"0.00")&"/"&X13 -> 10/192/6/2048/0.10/4 | E13: =AA13&"/"&AB13&"/"&AC13&"/"&AD13&"/"&TEXT(AE13,"0.00")&"/"&AF13 -> 8/256/8/2048/0.15/4 | J13: =(Step1_with_dropout!$P$2*L13+L13*N13+K13*(12*L13^2+13*L13)+L13*Step1_with_dropout!$P$2)/1000000 -> 2.688768 | K13: 12 | L13: 128 | M13: 4 | N13: 2048 | O13: 0.1 | P13: 4 | R13: =(Step1_with_dropout!$P$2*T13+T13*V13+S13*(12*T13^2+13*T13)+T13*Step1_with_dropout!$P$2)/1000000 -> 4.912896 | S13: 10 | T13: 192 | U13: 6 | V13: 2048 | W13: 0.1 | X13: 4 | Z13: =(Step1_with_dropout!$P$2*AB13+AB13*AD13+AA13*(12*AB13^2+13*AB13)+AB13*Step1_with_dropout!$P$2)/1000000 -> 6.937088 | AA13: 8 | AB13: 256 | AC13: 8 | AD13: 2048 | AE13: 0.15 | AF13: 4

Sheet Step2
A1: № | B1: iterations | C1: Params | D1: =D3&"/"&D4&"/"&D5&"/"&D6&"/"&TEXT(D7,"0.00")&"/"&D8 -> 12/128/4/2048/0.10/4 | F1: =F3&"/"&F4&"/"&F5&"/"&F6&"/"&TEXT(F7,"0.00")&"/"&F8 -> 10/192/6/2048/0.10/4 | H1: =H3&"/"&H4&"/"&H5&"/"&H6&"/"&TEXT(H7,"0.00")&"/"&H8 -> 8/256/8/2048/0.15/4 | J1: =J3&"/"&J4&"/"&J5&"/"&J6&"/"&TEXT(J7,"0.00")&"/"&J8 -> 12/128/4/2048/0.10/4 | L1: =L3&"/"&L4&"/"&L5&"/"&L6&"/"&TEXT(L7,"0.00")&"/"&L8 -> 10/192/6/2048/0.10/4 | N1: =N3&"/"&N4&"/"&N5&"/"&N6&"/"&TEXT(N7,"0.00")&"/"&N8 -> 8/256/8/2048/0.15/4
A2: 1 | C2: model size, M | D2: =($R$2*D4+D4*D6+D3*(12*D4^2+13*D4)+D4*$R$2)/1000000 -> 2.688768 | F2: =($R$2*F4+F4*F6+F3*(12*F4^2+13*F4)+F4*$R$2)/1000000 -> 4.912896 | H2: =($R$2*H4+H4*H6+H3*(12*H4^2+13*H4)+H4*$R$2)/1000000 -> 6.937088 | J2: =($R$2*J4+J4*J6+J3*(12*J4^2+13*J4)+J4*$R$2)/1000000 -> 2.688768 | L2: =($R$2*L4+L4*L6+L3*(12*L4^2+13*L4)+L4*$R$2)/1000000 -> 4.912896 | N2: =($R$2*N4+N4*N6+N3*(12*N4^2+13*N4)+N4*$R$2)/1000000 -> 6.937088 | Q2: vocab_size | R2: 185
A3: 2 | C3: n_layer | D3: 12 | F3: 10 | H3: 8 | J3: 12 | L3: 10 | N3: 8
A4: 3 | C4: n_embd | D4: 128 | F4: 192 | H4: 256 | J4: 128 | L4: 192 | N4: 256
A5: 4 | C5: n_head | D5: 4 | F5: 6 | H5: 8 | J5: 4 | L5: 6 | N5: 8
A6: 5 | C6: block_size | D6: 2048 | F6: 2048 | H6: 2048 | J6: 2048 | L6: 2048 | N6: 2048
A7: 6 | C7: dropout | D7: 0.1 | F7: 0.1 | H7: 0.15 | J7: 0.1 | L7: 0.1 | N7: 0.15
A8: 7 | C8: batch_size | D8: 4 | F8: 4 | H8: 4 | J8: 4 | L8: 4 | N8: 4
A9: 8 | C9: zero_new_weights | D9: True | F9: True | H9: True | J9: False | L9: False | N9: False
A10: 9 | B10: Stage 1 | C10: model | D10: =Step2_Models_plan!C9&"/"&D11/1000&"k" -> 2/32/1/128/0.00/64/50k | F10: =Step2_Models_plan!D9&"/"&F11/1000&"k" -> 2/64/2/128/0.00/64/80k | H10: =Step2_Models_plan!E9&"/"&H11/1000&"k" -> 2/64/2/128/0.00/64/80k | J10: =Step2_Models_plan!C9&"/"&J11/1000&"k" -> 2/32/1/128/0.00/64/50k | L10: =Step2_Models_plan!D9&"/"&L11/1000&"k" -> 2/64/2/128/0.00/64/80k | N10: =Step2_Models_plan!E9&"/"&N11/1000&"k" -> 2/64/2/128/0.00/64/80k
A11: 10 | C11: iterations | D11: 50000 | F11: 80000 | H11: 80000 | J11: 50000 | L11: 80000 | N11: 80000
A12: 11 | C12: duration / val/train | D12: 278 | E12: =D14/D13 -> 1.2229145 | F12: 435 | G12: =F14/F13 -> 1.3522363 | H12: 430 | I12: =H14/H13 -> 1.3522363 | J12: 277 | K12: =J14/J13 -> 1.2229145 | L12: 407 | M12: =L14/L13 -> 1.3522363 | N12: 443 | O12: =N14/N13 -> 1.3522363
A13: 12 | C13: train loss | D13: 1.6531 | F13: 1.3102 | H13: 1.3102 | J13: 1.6531 | L13: 1.3102 | N13: 1.3102
A14: 13 | C14: val loss | D14: 2.0216 | F14: 1.7717 | H14: 1.7717 | J14: 2.0216 | L14: 1.7717 | N14: 1.7717
A15: 14 | B15: Stage 2 | C15: model | D15: =Step2_Models_plan!C10&"/"&D16/1000&"k" -> 4/64/2/256/0.05/64/50k | F15: =Step2_Models_plan!D10&"/"&F16/1000&"k" -> 4/96/3/256/0.05/64/75k | H15: =Step2_Models_plan!E10&"/"&H16/1000&"k" -> 3/96/3/256/0.05/64/125k | J15: =Step2_Models_plan!C10&"/"&J16/1000&"k" -> 4/64/2/256/0.05/64/30k | L15: =Step2_Models_plan!D10&"/"&L16/1000&"k" -> 4/96/3/256/0.05/64/85k | N15: =Step2_Models_plan!E10&"/"&N16/1000&"k" -> 3/96/3/256/0.05/64/80k
A16: 15 | C16: iterations | D16: 50000 | F16: 75000 | H16: 125000 | J16: 30000 | L16: 85000 | N16: 80000
A17: 16 | C17: duration / val/train | D17: 454 | E17: =D19/D18 -> 1.357249 | F17: 1102 | G17: =F19/F18 -> 1.4636429 | H17: 1434 | I17: =H19/H18 -> 1.4316086 | J17: 287 | K17: =J19/J18 -> 1.3710049 | L17: 1249 | M17: =L19/L18 -> 1.5175457 | N17: 921 | O17: =N19/N18 -> 1.4330326
A18: 17 | C18: train loss | D18: 1.2112 | E18: =(D18-D13)/D13 -> -0.26731595 | F18: 0.9723 | G18: =(F18-F13)/F13 -> -0.25789956 | H18: 1.0301 | I18: =(H18-H13)/H13 -> -0.21378416 | J18: 1.214 | K18: =(J18-J13)/J13 -> -0.26562216 | L18: 0.9518 | M18: =(L18-L13)/L13 -> -0.27354602 | N18: 1.0087 | O18: =(N18-N13)/N13 -> -0.23011754
A19: 18 | C19: val loss | D19: 1.6439 | E19: =(D19-D14)/D14 -> -0.18683221 | F19: 1.4231 | G19: =(F19-F14)/F14 -> -0.19676017 | H19: 1.4747 | I19: =(H19-H14)/H14 -> -0.1676356 | J19: 1.6644 | K19: =(J19-J14)/J14 -> -0.17669173 | L19: 1.4444 | M19: =(L19-L14)/L14 -> -0.18473782 | N19: 1.4455 | O19: =(N19-N14)/N14 -> -0.18411695
A20: 19 | B20: Stage 3 | C20: model | D20: =Step2_Models_plan!C11&"/"&D21/1000&"k" -> 6/64/2/512/0.05/64/30k | F20: =Step2_Models_plan!D11&"/"&F21/1000&"k" -> 6/128/4/512/0.05/64/20k | H20: =Step2_Models_plan!E11&"/"&H21/1000&"k" -> 4/128/4/512/0.05/64/25k | J20: =Step2_Models_plan!C11&"/"&J21/1000&"k" -> 6/64/2/512/0.05/64/40k | L20: =Step2_Models_plan!D11&"/"&L21/1000&"k" -> 6/128/4/512/0.05/64/25k | N20: =Step2_Models_plan!E11&"/"&N21/1000&"k" -> 4/128/4/512/0.05/64/45k
A21: 20 | C21: iterations | D21: 30000 | F21: 20000 | H21: 25000 | J21: 40000 | L21: 25000 | N21: 45000
A22: 21 | C22: duration / val/train | D22: 1325 | E22: =D24/D23 -> 1.3827052 | F22: 1755 | G22: =F24/F23 -> 1.5963744 | H22: 1547 | I22: =H24/H23 -> 1.4851983 | J22: 1841 | K22: =J24/J23 -> 1.4108966 | L22: 2198 | M22: =L24/L23 -> 1.7175333 | N22: 2664 | O22: =N24/N23 -> 1.6439432
A23: 22 | C23: train loss | D23: 1.0269 | E23: =(D23-D18)/D18 -> -0.15216314 | F23: 0.8109 | G23: =(F23-F18)/F18 -> -0.16599815 | H23: 0.8749 | I23: =(H23-H18)/H18 -> -0.15066498 | J23: 0.9893 | K23: =(J23-J18)/J18 -> -0.18509061 | L23: 0.7654 | M23: =(L23-L18)/L18 -> -0.19583946 | N23: 0.8024 | O23: =(N23-N18)/N18 -> -0.20452067
A24: 23 | C24: val loss | D24: 1.4199 | E24: =(D24-D19)/D19 -> -0.13626133 | F24: 1.2945 | G24: =(F24-F19)/F19 -> -0.090366102 | H24: 1.2994 | I24: =(H24-H19)/H19 -> -0.11887163 | J24: 1.3958 | K24: =(J24-J19)/J19 -> -0.16137948 | L24: 1.3146 | M24: =(L24-L19)/L19 -> -0.089864304 | N24: 1.3191 | O24: =(N24-N19)/N19 -> -0.087443791
A25: 24 | B25: Stage 4 | C25: model | D25: =Step2_Models_plan!C12&"/"&D26/1000&"k" -> 9/96/3/1024/0.05/32/35k | F25: =Step2_Models_plan!D12&"/"&F26/1000&"k" -> 8/160/5/1536/0.10/8/50k | H25: =Step2_Models_plan!E12&"/"&H26/1000&"k" -> 6/192/6/1536/0.10/8/60k | J25: =Step2_Models_plan!C12&"/"&J26/1000&"k" -> 9/96/3/1024/0.05/32/35k | L25: =Step2_Models_plan!D12&"/"&L26/1000&"k" -> 8/160/5/1536/0.10/8/45k | N25: =Step2_Models_plan!E12&"/"&N26/1000&"k" -> 6/192/6/1536/0.10/8/40k
A26: 25 | C26: iterations | D26: 35000 | F26: 50000 | H26: 60000 | J26: 35000 | L26: 45000 | N26: 40000
A27: 26 | C27: duration / val/train | D27: 6102 | E27: =D29/D28 -> 1.5204322 | F27: 7230 | G27: =F29/F28 -> 1.6178885 | H27: 8004 | I27: =H29/H28 -> 1.6069232 | J27: 6290 | K27: =J29/J28 -> 1.5974475 | L27: 6630 | M27: =L29/L28 -> 1.7247259 | N27: 5217 | O27: =N29/N28 -> 1.7248557
A28: 27 | C28: train loss | D28: 0.8051 | E28: =(D28-D23)/D23 -> -0.21598987 | F28: 0.6943 | G28: =(F28-F23)/F23 -> -0.14379085 | H28: 0.6991 | I28: =(H28-H23)/H23 -> -0.20093725 | J28: 0.7522 | K28: =(J28-J23)/J23 -> -0.23966441 | L28: 0.6568 | M28: =(L28-L23)/L23 -> -0.1418866 | N28: 0.6582 | O28: =(N28-N23)/N23 -> -0.17971087
A29: 28 | C29: val loss | D29: 1.2241 | E29: =(D29-D24)/D24 -> -0.13789704 | F29: 1.1233 | G29: =(F29-F24)/F24 -> -0.13225183 | H29: 1.1234 | I29: =(H29-H24)/H24 -> -0.13544713 | J29: 1.2016 | K29: =(J29-J24)/J24 -> -0.13913168 | L29: 1.1328 | M29: =(L29-L24)/L24 -> -0.13829302 | N29: 1.1353 | O29: =(N29-N24)/N24 -> -0.13933743
A30: 29 | C30: Total time | D30: =D12+D17+D22+D27 -> 8159 | F30: =F12+F17+F22+F27 -> 10522 | H30: =H12+H17+H22+H27 -> 11415 | J30: =J12+J17+J22+J27 -> 8695 | L30: =L12+L17+L22+L27 -> 10484 | N30: =N12+N17+N22+N27 -> 9245
A31: 30 | B31: 0 | C31: duration / val/train | D31: 0 | E31: =D33/D32 -> 1.1005598 | F31: 0 | G31: =F33/F32 -> 0.92445596 | H31: 0 | I31: =H33/H32 -> 1.1016521 | J31: 0 | K31: =J33/J32 -> 1.0782736 | L31: 0 | M31: =L33/L32 -> 1.0045748 | N31: 0 | O31: =N33/N32 -> 1.0871761
A32: 31 | C32: train loss | D32: 3.8584 | F32: 3.7819 | H32: 3.5651 | J32: 3.9528 | L32: 3.7379 | N32: 3.1878
A33: 32 | C33: val loss | D33: 4.2464 | F33: 3.4962 | H33: 3.9275 | J33: 4.2622 | L33: 3.755 | N33: 3.4657
A34: 33 | B34: 2000 | C34: duration / val/train | D34: 290 | E34: =D36/D35 -> 1.2689051 | F34: 364 | G34: =F36/F35 -> 1.4598882 | H34: 409 | I34: =H36/H35 -> 1.374717 | J34: 291 | K34: =J36/J35 -> 1.3145997 | L34: 370 | M34: =L36/L35 -> 1.5117686 | N34: 390 | O34: =N36/N35 -> 1.4308622
A35: 34 | C35: train loss / train diff % | D35: 1.0156 | E35: =(D35-D32)/D32 -> -0.73678209 | F35: 0.7691 | G35: =(F35-F32)/F32 -> -0.79663661 | H35: 0.8393 | I35: =(H35-H32)/H32 -> -0.76457883 | J35: 0.9555 | K35: =(J35-J32)/J32 -> -0.75827262 | L35: 0.7605 | M35: =(L35-L32)/L32 -> -0.79654351 | N35: 0.8107 | O35: =(N35-N32)/N32 -> -0.74568668
A36: 35 | C36: val loss / val diff % | D36: 1.2887 | E36: =(D36-D33)/D33 -> -0.6965194 | F36: 1.1228 | G36: =(F36-F33)/F33 -> -0.67885132 | H36: 1.1538 | I36: =(H36-H33)/H33 -> -0.70622533 | J36: 1.2561 | K36: =(J36-J33)/J33 -> -0.70529304 | L36: 1.1497 | M36: =(L36-L33)/L33 -> -0.69382157 | N36: 1.16 | O36: =(N36-N33)/N33 -> -0.66529128
A37: 36 | B37: 4000 | C37: duration / val/train | D37: 580 | E37: =D39/D38 -> 1.31014 | F37: 728 | G37: =F39/F38 -> 1.4812329 | H37: 819 | I37: =H39/H38 -> 1.4192371 | J37: 581 | K37: =J39/J38 -> 1.3607857 | L37: 742 | M37: =L39/L38 -> 1.5399547 | N37: 779 | O37: =N39/N38 -> 1.5283884
A38: 37 | C38: train loss / train diff % | D38: 0.9428 | E38: =(D38-D35)/D35 -> -0.071681764 | F38: 0.73 | G38: =(F38-F35)/F35 -> -0.050838643 | H38: 0.7943 | I38: =(H38-H35)/H35 -> -0.053616109 | J38: 0.8706 | K38: =(J38-J35)/J35 -> -0.088854003 | L38: 0.7058 | M38: =(L38-L35)/L35 -> -0.071926364 | N38: 0.7415 | O38: =(N38-N35)/N35 -> -0.085358332
A39: 38 | C39: val loss / val diff % | D39: 1.2352 | E39: =(D39-D36)/D36 -> -0.041514705 | F39: 1.0813 | G39: =(F39-F36)/F36 -> -0.036961169 | H39: 1.1273 | I39: =(H39-H36)/H36 -> -0.022967585 | J39: 1.1847 | K39: =(J39-J36)/J36 -> -0.056842608 | L39: 1.0869 | M39: =(L39-L36)/L36 -> -0.054622945 | N39: 1.1333 | O39: =(N39-N36)/N36 -> -0.023017241
A40: 39 | B40: 6000 | C40: duration / val/train | D40: 869 | E40: =D42/D41 -> 1.3180281 | F40: 1092 | G40: =F42/F41 -> 1.5517193 | H40: 1234 | I40: =H42/H41 -> 1.4590715 | J40: 871 | K40: =J42/J41 -> 1.3777017 | L40: 1110 | M40: =L42/L41 -> 1.5893798 | N40: 1168 | O40: =N42/N41 -> 1.5696676
A41: 40 | C41: train loss / train diff % | D41: 0.9169 | E41: =(D41-D38)/D38 -> -0.027471362 | F41: 0.7125 | G41: =(F41-F38)/F38 -> -0.023972603 | H41: 0.7733 | I41: =(H41-H38)/H38 -> -0.026438373 | J41: 0.8467 | K41: =(J41-J38)/J38 -> -0.027452332 | L41: 0.6836 | M41: =(L41-L38)/L38 -> -0.03145367 | N41: 0.722 | O41: =(N41-N38)/N38 -> -0.026298045
A42: 41 | C42: val loss / val diff % | D42: 1.2085 | E42: =(D42-D39)/D39 -> -0.021615933 | F42: 1.1056 | G42: =(F42-F39)/F39 -> 0.022472949 | H42: 1.1283 | I42: =(H42-H39)/H39 -> 0.00088707531 | J42: 1.1665 | K42: =(J42-J39)/J39 -> -0.015362539 | L42: 1.0865 | M42: =(L42-L39)/L39 -> -0.00036801914 | N42: 1.1333 | O42: =(N42-N39)/N39 -> 0
A43: 42 | B43: 8000 | C43: duration / val/train | D43: 1159 | E43: =D45/D44 -> 1.3445576 | F43: 1456 | G43: =F45/F44 -> 1.588881 | H43: 1636 | I43: =H45/H44 -> 1.4661376 | J43: 1162 | K43: =J45/J44 -> 1.4112093 | L43: 1479 | M43: =L45/L44 -> 1.6583147 | N43: 1573 | O43: =N45/N44 -> 1.585067
A44: 43 | C44: train loss / train diff % | D44: 0.8939 | E44: =(D44-D41)/D41 -> -0.025084524 | F44: 0.7015 | G44: =(F44-F41)/F41 -> -0.015438596 | H44: 0.756 | I44: =(H44-H41)/H41 -> -0.022371654 | J44: 0.8261 | K44: =(J44-J41)/J41 -> -0.024329751 | L44: 0.6705 | M44: =(L44-L41)/L41 -> -0.019163253 | N44: 0.7018 | O44: =(N44-N41)/N41 -> -0.027977839
A45: 44 | C45: val loss / val diff % | D45: 1.2019 | E45: =(D45-D42)/D42 -> -0.0054613157 | F45: 1.1146 | G45: =(F45-F42)/F42 -> 0.0081403763 | H45: 1.1084 | I45: =(H45-H42)/H42 -> -0.017637153 | J45: 1.1658 | K45: =(J45-J42)/J42 -> -0.00060008573 | L45: 1.1119 | M45: =(L45-L42)/L42 -> 0.023377819 | N45: 1.1124 | O45: =(N45-N42)/N42 -> -0.018441719
A46: 45 | B46: 10000 | C46: duration / val/train | D46: 1449 | E46: =D48/D47 -> 1.3520303 | F46: 1820 | G46: =F48/F47 -> 1.5707107 | H46: 2041 | I46: =H48/H47 -> 1.5046603 | J46: 1452 | K46: =J48/J47 -> 1.4316431 | L46: 1846 | M46: =L48/L47 -> 1.6567096 | N46: 1978 | O46: =N48/N47 -> 1.6148073
A47: 46 | C47: train loss / train diff % | D47: 0.8718 | E47: =(D47-D44)/D44 -> -0.024723123 | F47: 0.6965 | G47: =(F47-F44)/F44 -> -0.0071275837 | H47: 0.7403 | I47: =(H47-H44)/H44 -> -0.020767196 | J47: 0.8046 | K47: =(J47-J44)/J44 -> -0.026025905 | L47: 0.6595 | M47: =(L47-L44)/L44 -> -0.016405667 | N47: 0.6929 | O47: =(N47-N44)/N44 -> -0.012681676
A48: 47 | C48: val loss / val diff % | D48: 1.1787 | E48: =(D48-D45)/D45 -> -0.019302771 | F48: 1.094 | G48: =(F48-F45)/F45 -> -0.018481967 | H48: 1.1139 | I48: =(H48-H45)/H45 -> 0.0049621075 | J48: 1.1519 | K48: =(J48-J45)/J45 -> -0.011923143 | L48: 1.0926 | M48: =(L48-L45)/L45 -> -0.017357676 | N48: 1.1189 | O48: =(N48-N45)/N45 -> 0.0058432219
A49: 48 | B49: 12000 | C49: duration / val/train | D49: 1739 | E49: =D51/D50 -> 1.3457662 | F49: 2184 | G49: =F51/F50 -> 1.6142499 | H49: 2441 | I49: =H51/H50 -> 1.5189544 | J49: 1749 | K49: =J51/J50 -> 1.4233962 | L49: 2211 | M49: =L51/L50 -> 1.6868687 | N49: 2378 | O49: =N51/N50 -> 1.6122449
A50: 49 | C50: train loss / train diff % | D50: 0.8633 | E50: =(D50-D47)/D47 -> -0.0097499426 | F50: 0.6779 | G50: =(F50-F47)/F47 -> -0.026704953 | H50: 0.7307 | I50: =(H50-H47)/H47 -> -0.012967716 | J50: 0.795 | K50: =(J50-J47)/J47 -> -0.011931394 | L50: 0.6435 | M50: =(L50-L47)/L47 -> -0.024260804 | N50: 0.686 | O50: =(N50-N47)/N47 -> -0.0099581469
A51: 50 | C51: val loss / val diff % | D51: 1.1618 | E51: =(D51-D48)/D48 -> -0.01433783 | F51: 1.0943 | G51: =(F51-F48)/F48 -> 0.00027422303 | H51: 1.1099 | I51: =(H51-H48)/H48 -> -0.0035909866 | J51: 1.1316 | K51: =(J51-J48)/J48 -> -0.017623058 | L51: 1.0855 | M51: =(L51-L48)/L48 -> -0.006498261 | N51: 1.106 | O51: =(N51-N48)/N48 -> -0.01152918
A52: 51 | B52: 14000 | C52: duration / val/train | D52: 2028 | E52: =D54/D53 -> 1.3756458 | F52: 2548 | G52: =F54/F53 -> 1.6171191 | H52: 2837 | I52: =H54/H53 -> 1.5310219 | J52: 2048 | K52: =J54/J53 -> 1.4522529 | L52: 2579 | M52: =L54/L53 -> 1.6746704 | N52: 2787 | O52: =N54/N53 -> 1.6618619
A53: 52 | C53: train loss / train diff % | D53: 0.8516 | E53: =(D53-D50)/D50 -> -0.013552647 | F53: 0.6741 | G53: =(F53-F50)/F50 -> -0.0056055465 | H53: 0.7124 | I53: =(H53-H50)/H50 -> -0.025044478 | J53: 0.7812 | K53: =(J53-J50)/J50 -> -0.017358491 | L53: 0.6372 | M53: =(L53-L50)/L50 -> -0.0097902098 | N53: 0.666 | O53: =(N53-N50)/N50 -> -0.029154519
A54: 53 | C54: val loss / val diff % | D54: 1.1715 | E54: =(D54-D51)/D51 -> 0.0083491134 | F54: 1.0901 | G54: =(F54-F51)/F51 -> -0.00383807 | H54: 1.0907 | I54: =(H54-H51)/H51 -> -0.017298856 | J54: 1.1345 | K54: =(J54-J51)/J51 -> 0.002562743 | L54: 1.0671 | M54: =(L54-L51)/L51 -> -0.016950714 | N54: 1.1068 | O54: =(N54-N51)/N51 -> 0.00072332731
A55: 54 | B55: 16000 | C55: duration / val/train | D55: 2318 | E55: =D57/D56 -> 1.3844961 | F55: 2912 | G55: =F57/F56 -> 1.6344644 | H55: 3229 | I55: =H57/H56 -> 1.5410601 | J55: 2349 | K55: =J57/J56 -> 1.470013 | L55: 2953 | M55: =L57/L56 -> 1.7152745 | N55: 3197 | O55: =N57/N56 -> 1.6731797
A56: 55 | C56: train loss / train diff % | D56: 0.8385 | E56: =(D56-D53)/D53 -> -0.015382809 | F56: 0.6749 | G56: =(F56-F53)/F53 -> 0.0011867675 | H56: 0.7075 | I56: =(H56-H53)/H53 -> -0.0068781583 | J56: 0.767 | K56: =(J56-J53)/J53 -> -0.018177163 | L56: 0.6357 | M56: =(L56-L53)/L53 -> -0.002354049 | N56: 0.6551 | O56: =(N56-N53)/N53 -> -0.016366366
A57: 56 | C57: val loss / val diff % | D57: 1.1609 | E57: =(D57-D54)/D54 -> -0.0090482288 | F57: 1.1031 | G57: =(F57-F54)/F54 -> 0.011925511 | H57: 1.0903 | I57: =(H57-H54)/H54 -> -0.00036673696 | J57: 1.1275 | K57: =(J57-J54)/J54 -> -0.006170119 | L57: 1.0904 | M57: =(L57-L54)/L54 -> 0.02183488 | N57: 1.0961 | O57: =(N57-N54)/N54 -> -0.0096675099
A58: 57 | B58: 18000 | C58: duration / val/train | D58: 2608 | E58: =D60/D59 -> 1.4181885 | F58: 3276 | G58: =F60/F59 -> 1.661122 | H58: 3619 | I58: =H60/H59 -> 1.5540521 | J58: 2660 | K58: =J60/J59 -> 1.5159574 | L58: 3331 | M58: =L60/L59 -> 1.7316995 | N58: 3607 | O58: =N60/N59 -> 1.7300297
A59: 58 | C59: train loss / train diff % | D59: 0.8214 | E59: =(D59-D56)/D56 -> -0.02039356 | F59: 0.6613 | G59: =(F59-F56)/F56 -> -0.020151134 | H59: 0.6947 | I59: =(H59-H56)/H56 -> -0.018091873 | J59: 0.752 | K59: =(J59-J56)/J56 -> -0.019556714 | L59: 0.6202 | M59: =(L59-L56)/L56 -> -0.02438257 | N59: 0.6397 | O59: =(N59-N56)/N56 -> -0.023507861
A60: 59 | C60: val loss / val diff % | D60: 1.1649 | E60: =(D60-D57)/D57 -> 0.0034456025 | F60: 1.0985 | G60: =(F60-F57)/F57 -> -0.0041700662 | H60: 1.0796 | I60: =(H60-H57)/H57 -> -0.0098138127 | J60: 1.14 | K60: =(J60-J57)/J57 -> 0.011086475 | L60: 1.074 | M60: =(L60-L57)/L57 -> -0.015040352 | N60: 1.1067 | O60: =(N60-N57)/N57 -> 0.0096706505
A61: 60 | B61: 20000 | C61: duration / val/train | D61: 2897 | E61: =D63/D62 -> 1.4116211 | F61: 3640 | G61: =F63/F62 -> 1.6853796 | H61: 4007 | I61: =H63/H62 -> 1.5732828 | J61: 2973 | K61: =J63/J62 -> 1.513193 | L61: 3715 | M61: =L63/L62 -> 1.7719811 | N61: 4012 | O61: =N63/N62 -> 1.7679083
A62: 61 | C62: train loss / train diff % | D62: 0.8192 | E62: =(D62-D59)/D59 -> -0.002678354 | F62: 0.6573 | G62: =(F62-F59)/F59 -> -0.006048692 | H62: 0.6857 | I62: =(H62-H59)/H59 -> -0.012955232 | J62: 0.7504 | K62: =(J62-J59)/J59 -> -0.0021276596 | L62: 0.6153 | M62: =(L62-L59)/L59 -> -0.0079006772 | N62: 0.6282 | O62: =(N62-N59)/N59 -> -0.017977177
A63: 62 | C63: val loss / val diff % | D63: 1.1564 | E63: =(D63-D60)/D60 -> -0.0072967637 | F63: 1.1078 | G63: =(F63-F60)/F60 -> 0.0084660901 | H63: 1.0788 | I63: =(H63-H60)/H60 -> -0.00074101519 | J63: 1.1355 | K63: =(J63-J60)/J60 -> -0.0039473684 | L63: 1.0903 | M63: =(L63-L60)/L60 -> 0.015176909 | N63: 1.1106 | O63: =(N63-N60)/N60 -> 0.0035239902
A64: 63 | B64: 22000 | C64: duration / val/train | D64: 3187 | E64: =D66/D65 -> 1.4194225 | F64: 4004 | G64: =F66/F65 -> 1.6845648 | H64: 4395 | I64: =H66/H65 -> 1.5948416 | J64: 3279 | K64: =J66/J65 -> 1.5015555 | L64: 4098 | M64: =L66/L65 -> 1.7693189 | N64: 4416 | O64: =N66/N65 -> 1.8004202
A65: 64 | C65: train loss / train diff % | D65: 0.8104 | E65: =(D65-D62)/D62 -> -0.010742188 | F65: 0.6537 | G65: =(F65-F62)/F62 -> -0.0054769512 | H65: 0.6785 | I65: =(H65-H62)/H62 -> -0.010500219 | J65: 0.7393 | K65: =(J65-J62)/J62 -> -0.014792111 | L65: 0.6108 | M65: =(L65-L62)/L62 -> -0.0073135056 | N65: 0.6188 | O65: =(N65-N62)/N62 -> -0.014963387
A66: 65 | C66: val loss / val diff % | D66: 1.1503 | E66: =(D66-D63)/D63 -> -0.0052749914 | F66: 1.1012 | G66: =(F66-F63)/F63 -> -0.0059577541 | H66: 1.0821 | I66: =(H66-H63)/H63 -> 0.0030589544 | J66: 1.1101 | K66: =(J66-J63)/J63 -> -0.022369 | L66: 1.0807 | M66: =(L66-L63)/L63 -> -0.0088049161 | N66: 1.1141 | O66: =(N66-N63)/N63 -> 0.0031514497
A67: 66 | B67: 24000 | C67: duration / val/train | D67: 3477 | E67: =D69/D68 -> 1.4204418 | F67: 4368 | G67: =F69/F68 -> 1.7223599 | H67: 4784 | I67: =H69/H68 -> 1.5925762 | J67: 3587 | K67: =J69/J68 -> 1.5294763 | L67: 4467 | M67: =L69/L68 -> 1.8039509 | N67: 4818 | O67: =N69/N68 -> 1.7979913
A68: 67 | C68: train loss / train diff % | D68: 0.8013 | E68: =(D68-D65)/D65 -> -0.011229023 | F68: 0.6458 | G68: =(F68-F65)/F65 -> -0.012085054 | H68: 0.6762 | I68: =(H68-H65)/H65 -> -0.0033898305 | J68: 0.7294 | K68: =(J68-J65)/J65 -> -0.013391046 | L68: 0.6024 | M68: =(L68-L65)/L65 -> -0.013752456 | N68: 0.6173 | O68: =(N68-N65)/N65 -> -0.0024240465
A69: 68 | C69: val loss / val diff % | D69: 1.1382 | E69: =(D69-D66)/D66 -> -0.010518995 | F69: 1.1123 | G69: =(F69-F66)/F66 -> 0.010079913 | H69: 1.0769 | I69: =(H69-H66)/H66 -> -0.0048054708 | J69: 1.1156 | K69: =(J69-J66)/J66 -> 0.0049545086 | L69: 1.0867 | M69: =(L69-L66)/L66 -> 0.0055519571 | N69: 1.1099 | O69: =(N69-N66)/N66 -> -0.0037698591
A70: 69 | B70: 26000 | C70: duration / val/train | D70: 3767 | E70: =D72/D71 -> 1.433806 | F70: 4732 | G70: =F72/F71 -> 1.7178125 | H70: 5172 | I70: =H72/H71 -> 1.6328597 | J70: 3888 | K70: =J72/J71 -> 1.5413172 | L70: 4836 | M70: =L72/L71 -> 1.8559194 | N70: 5221 | O70: =N72/N71 -> 1.834664
A71: 70 | C71: train loss / train diff % | D71: 0.7969 | E71: =(D71-D68)/D68 -> -0.005491077 | F71: 0.64 | G71: =(F71-F68)/F68 -> -0.0089811087 | H71: 0.6616 | I71: =(H71-H68)/H68 -> -0.021591245 | J71: 0.7273 | K71: =(J71-J68)/J68 -> -0.0028790787 | L71: 0.5955 | M71: =(L71-L68)/L68 -> -0.011454183 | N71: 0.6012 | O71: =(N71-N68)/N68 -> -0.026081322
A72: 71 | C72: val loss / val diff % | D72: 1.1426 | E72: =(D72-D69)/D69 -> 0.0038657529 | F72: 1.0994 | G72: =(F72-F69)/F69 -> -0.011597591 | H72: 1.0803 | I72: =(H72-H69)/H69 -> 0.0031572105 | J72: 1.121 | K72: =(J72-J69)/J69 -> 0.0048404446 | L72: 1.1052 | M72: =(L72-L69)/L69 -> 0.017024018 | N72: 1.103 | O72: =(N72-N69)/N69 -> -0.0062167763
A73: 72 | B73: 28000 | C73: duration / val/train | D73: 4056 | E73: =D75/D74 -> 1.4258015 | F73: 5096 | G73: =F75/F74 -> 1.714598 | H73: 5560 | I73: =H75/H74 -> 1.6387538 | J73: 4188 | K73: =J75/J74 -> 1.5642598 | L73: 5202 | M73: =L75/L74 -> 1.79866 | N73: 5629 | O73: =N75/N74 -> 1.8876842
A74: 73 | C74: train loss / train diff % | D74: 0.7891 | E74: =(D74-D71)/D71 -> -0.0097879282 | F74: 0.6405 | G74: =(F74-F71)/F71 -> 0.00078125 | H74: 0.658 | I74: =(H74-H71)/H71 -> -0.0054413543 | J74: 0.7174 | K74: =(J74-J71)/J71 -> -0.01361199 | L74: 0.597 | M74: =(L74-L71)/L71 -> 0.0025188917 | N74: 0.5903 | O74: =(N74-N71)/N71 -> -0.018130406
A75: 74 | C75: val loss / val diff % | D75: 1.1251 | E75: =(D75-D72)/D72 -> -0.015315946 | F75: 1.0982 | G75: =(F75-F72)/F72 -> -0.0010915045 | H75: 1.0783 | I75: =(H75-H72)/H72 -> -0.0018513376 | J75: 1.1222 | K75: =(J75-J72)/J72 -> 0.0010704728 | L75: 1.0738 | M75: =(L75-L72)/L72 -> -0.028411147 | N75: 1.1143 | O75: =(N75-N72)/N72 -> 0.010244787
A76: 75 | B76: 30000 | C76: duration / val/train | D76: 4346 | E76: =D78/D77 -> 1.4345723 | F76: 5462 | G76: =F78/F77 -> 1.7668897 | H76: 5950 | I76: =H78/H77 -> 1.6381801 | J76: 4484 | K76: =J78/J77 -> 1.5570507 | L76: 5567 | M76: =L78/L77 -> 1.874055 | N76: 6034 | O76: =N78/N77 -> 1.8504259
A77: 76 | C77: train loss / train diff % | D77: 0.7856 | E77: =(D77-D74)/D74 -> -0.0044354328 | F77: 0.6276 | G77: =(F77-F74)/F74 -> -0.020140515 | H77: 0.6506 | I77: =(H77-H74)/H74 -> -0.011246201 | J77: 0.7134 | K77: =(J77-J74)/J74 -> -0.00557569 | L77: 0.582 | M77: =(L77-L74)/L74 -> -0.025125628 | N77: 0.587 | O77: =(N77-N74)/N74 -> -0.0055903778
A78: 77 | C78: val loss / val diff % | D78: 1.127 | E78: =(D78-D75)/D75 -> 0.0016887388 | F78: 1.1089 | G78: =(F78-F75)/F75 -> 0.0097432162 | H78: 1.0658 | I78: =(H78-H75)/H75 -> -0.011592321 | J78: 1.1108 | K78: =(J78-J75)/J75 -> -0.010158617 | L78: 1.0907 | M78: =(L78-L75)/L75 -> 0.015738499 | N78: 1.0862 | O78: =(N78-N75)/N75 -> -0.025217625
A79: 78 | B79: 32000 | C79: duration / val/train | D79: 4636 | E79: =D81/D80 -> 1.4520954 | F79: 5839 | G79: =F81/F80 -> 1.7513531 | H79: 6347 | I79: =H81/H80 -> 1.6704369 | J79: 4782 | K79: =J81/J80 -> 1.5554926 | L79: 5932 | M79: =L81/L80 -> 1.8855619 | N79: 6432 | O79: =N81/N80 -> 1.9296335
A80: 79 | C80: train loss / train diff % | D80: 0.7755 | E80: =(D80-D77)/D77 -> -0.012856415 | F80: 0.6282 | G80: =(F80-F77)/F77 -> 0.00095602294 | H80: 0.6454 | I80: =(H80-H77)/H77 -> -0.0079926222 | J80: 0.7064 | K80: =(J80-J77)/J77 -> -0.0098121671 | L80: 0.5811 | M80: =(L80-L77)/L77 -> -0.0015463918 | N80: 0.5784 | O80: =(N80-N77)/N77 -> -0.014650767
A81: 80 | C81: val loss / val diff % | D81: 1.1261 | E81: =(D81-D78)/D78 -> -0.0007985803 | F81: 1.1002 | G81: =(F81-F78)/F78 -> -0.0078456128 | H81: 1.0781 | I81: =(H81-H78)/H78 -> 0.011540627 | J81: 1.0988 | K81: =(J81-J78)/J78 -> -0.010803025 | L81: 1.0957 | M81: =(L81-L78)/L78 -> 0.004584212 | N81: 1.1161 | O81: =(N81-N78)/N78 -> 0.027527159
A82: 81 | B82: 34000 | C82: duration / val/train | D82: 4925 | E82: =D84/D83 -> 1.4669866 | F82: 6212 | G82: =F84/F83 -> 1.8085931 | H82: 6742 | I82: =H84/H83 -> 1.6876947 | J82: 5079 | K82: =J84/J83 -> 1.6150221 | L82: 6297 | M82: =L84/L83 -> 1.926362 | N82: 6832 | O82: =N84/N83 -> 1.9418442
A83: 82 | C83: train loss / train diff % | D83: 0.7709 | E83: =(D83-D80)/D80 -> -0.005931657 | F83: 0.6191 | G83: =(F83-F80)/F80 -> -0.014485833 | H83: 0.642 | I83: =(H83-H80)/H80 -> -0.0052680508 | J83: 0.7003 | K83: =(J83-J80)/J80 -> -0.0086353341 | L83: 0.569 | M83: =(L83-L80)/L80 -> -0.020822578 | N83: 0.5726 | O83: =(N83-N80)/N80 -> -0.010027663
A84: 83 | C84: val loss / val diff % | D84: 1.1309 | E84: =(D84-D81)/D81 -> 0.0042624989 | F84: 1.1197 | G84: =(F84-F81)/F81 -> 0.01772405 | H84: 1.0835 | I84: =(H84-H81)/H81 -> 0.0050088118 | J84: 1.131 | K84: =(J84-J81)/J81 -> 0.029304696 | L84: 1.0961 | M84: =(L84-L81)/L81 -> 0.00036506343 | N84: 1.1119 | O84: =(N84-N81)/N81 -> -0.0037631037
A85: 84 | B85: 36000 | C85: duration / val/train | D85: 5215 | E85: =D87/D86 -> 1.4569683 | F85: 6582 | G85: =F87/F86 -> 1.8010437 | H85: 7145 | I85: =H87/H86 -> 1.6726591 | J85: 5381 | K85: =J87/J86 -> 1.6114138 | L85: 6661 | M85: =L87/L86 -> 1.9297 | N85: 7253 | O85: =N87/N86 -> 1.9607325
A86: 85 | C86: train loss / train diff % | D86: 0.7692 | E86: =(D86-D83)/D83 -> -0.0022052147 | F86: 0.6132 | G86: =(F86-F83)/F83 -> -0.0095299628 | H86: 0.6397 | I86: =(H86-H83)/H83 -> -0.0035825545 | J86: 0.6974 | K86: =(J86-J83)/J83 -> -0.0041410824 | L86: 0.5633 | M86: =(L86-L83)/L83 -> -0.010017575 | N86: 0.5679 | O86: =(N86-N83)/N83 -> -0.0082081732
A87: 86 | C87: val loss / val diff % | D87: 1.1207 | E87: =(D87-D84)/D84 -> -0.0090193651 | F87: 1.1044 | G87: =(F87-F84)/F84 -> -0.013664374 | H87: 1.07 | I87: =(H87-H84)/H84 -> -0.012459622 | J87: 1.1238 | K87: =(J87-J84)/J84 -> -0.0063660477 | L87: 1.087 | M87: =(L87-L84)/L84 -> -0.0083021622 | N87: 1.1135 | O87: =(N87-N84)/N84 -> 0.0014389783
A88: 87 | B88: 38000 | C88: duration / val/train | D88: 5505 | E88: =D90/D89 -> 1.4596119 | F88: 6957 | G88: =F90/F89 -> 1.7868879 | H88: 7545 | I88: =H90/H89 -> 1.6979739 | J88: 5681 | K88: =J90/J89 -> 1.6053473 | L88: 7033 | M88: =L90/L89 -> 1.9738481 | N88: 7677 | O88: =N90/N89 -> 1.980354
A89: 88 | C89: train loss / train diff % | D89: 0.7626 | E89: =(D89-D86)/D86 -> -0.0085803432 | F89: 0.6147 | G89: =(F89-F86)/F86 -> 0.002446184 | H89: 0.6367 | I89: =(H89-H86)/H86 -> -0.0046896983 | J89: 0.6882 | K89: =(J89-J86)/J86 -> -0.013191855 | L89: 0.5621 | M89: =(L89-L86)/L86 -> -0.0021303036 | N89: 0.565 | O89: =(N89-N86)/N86 -> -0.0051065328
A90: 89 | C90: val loss / val diff % | D90: 1.1131 | E90: =(D90-D87)/D87 -> -0.0067814759 | F90: 1.0984 | G90: =(F90-F87)/F87 -> -0.0054328142 | H90: 1.0811 | I90: =(H90-H87)/H87 -> 0.010373832 | J90: 1.1048 | K90: =(J90-J87)/J87 -> -0.016906923 | L90: 1.1095 | M90: =(L90-L87)/L87 -> 0.020699172 | N90: 1.1189 | O90: =(N90-N87)/N87 -> 0.0048495734
A91: 90 | B91: 40000 | C91: duration / val/train | D91: 5795 | E91: =D93/D92 -> 1.4886469 | F91: 7334 | G91: =F93/F92 -> 1.8106996 | H91: 7942 | I91: =H93/H92 -> 1.7086502 | J91: 5982 | K91: =J93/J92 -> 1.645388 | L91: 7419 | M91: =L93/L92 -> 1.992772 | N91: 8088 | O91: =N93/N92 -> 2.0016143
A92: 91 | C92: train loss / train diff % | D92: 0.7531 | E92: =(D92-D89)/D89 -> -0.012457383 | F92: 0.6075 | G92: =(F92-F89)/F89 -> -0.011713031 | H92: 0.6312 | I92: =(H92-H89)/H89 -> -0.0086382912 | J92: 0.683 | K92: =(J92-J89)/J89 -> -0.007555943 | L92: 0.5534 | M92: =(L92-L89)/L89 -> -0.015477673 | N92: 0.5575 | O92: =(N92-N89)/N89 -> -0.013274336
A93: 92 | C93: val loss / val diff % | D93: 1.1211 | E93: =(D93-D90)/D90 -> 0.007187135 | F93: 1.1 | G93: =(F93-F90)/F90 -> 0.0014566642 | H93: 1.0785 | I93: =(H93-H90)/H90 -> -0.0024049579 | J93: 1.1238 | K93: =(J93-J90)/J90 -> 0.017197683 | L93: 1.1028 | M93: =(L93-L90)/L90 -> -0.0060387562 | N93: 1.1159 | O93: =(N93-N90)/N90 -> -0.0026812048
A94: 93 | B94: 42000 | C94: duration / val/train | D94: 6084 | E94: =D96/D95 -> 1.478106 | F94: 7719 | G94: =F96/F95 -> 1.8481328 | H94: 8347 | I94: =H96/H95 -> 1.7182785 | J94: 6275 | K94: =J96/J95 -> 1.6393371 | L94: 7797 | M94: =L96/L95 -> 2.0129444 | N94: 8497 | O94: =N96/N95 -> 2.0261686
A95: 94 | C95: train loss / train diff % | D95: 0.7582 | E95: =(D95-D92)/D92 -> 0.006772009 | F95: 0.6025 | G95: =(F95-F92)/F92 -> -0.0082304527 | H95: 0.6297 | I95: =(H95-H92)/H92 -> -0.0023764259 | J95: 0.6879 | K95: =(J95-J92)/J92 -> 0.0071742313 | L95: 0.5485 | M95: =(L95-L92)/L92 -> -0.0088543549 | N95: 0.5541 | O95: =(N95-N92)/N92 -> -0.0060986547
A96: 95 | C96: val loss / val diff % | D96: 1.1207 | E96: =(D96-D93)/D93 -> -0.00035679244 | F96: 1.1135 | G96: =(F96-F93)/F93 -> 0.012272727 | H96: 1.082 | I96: =(H96-H93)/H93 -> 0.003245248 | J96: 1.1277 | K96: =(J96-J93)/J93 -> 0.0034703684 | L96: 1.1041 | M96: =(L96-L93)/L93 -> 0.0011788176 | N96: 1.1227 | O96: =(N96-N93)/N93 -> 0.006093736
A97: 96 | B97: 44000 | C97: duration / val/train | D97: 6374 | E97: =D99/D98 -> 1.4768421 | F97: 8100 | G97: =F99/F98 -> 1.8501829 | H97: 8744 | I97: =H99/H98 -> 1.725512 | J97: 6566 | K97: =J99/J98 -> 1.6137881 | L97: 8169 | M97: =L99/L98 -> 2.0462946 | N97: 8918 | O97: =N99/N98 -> 2.0552746
A98: 97 | C98: train loss / train diff % | D98: 0.76 | E98: =(D98-D95)/D95 -> 0.0023740438 | F98: 0.6014 | G98: =(F98-F95)/F95 -> -0.0018257261 | H98: 0.6299 | I98: =(H98-H95)/H95 -> 0.00031761156 | J98: 0.689 | K98: =(J98-J95)/J95 -> 0.0015990696 | L98: 0.5465 | M98: =(L98-L95)/L95 -> -0.0036463081 | N98: 0.5536 | O98: =(N98-N95)/N95 -> -0.00090236419
A99: 98 | C99: val loss / val diff % | D99: 1.1224 | E99: =(D99-D96)/D96 -> 0.0015169091 | F99: 1.1127 | G99: =(F99-F96)/F96 -> -0.00071845532 | H99: 1.0869 | I99: =(H99-H96)/H96 -> 0.0045286506 | J99: 1.1119 | K99: =(J99-J96)/J96 -> -0.014010818 | L99: 1.1183 | M99: =(L99-L96)/L96 -> 0.012861154 | N99: 1.1378 | O99: =(N99-N96)/N96 -> 0.013449719
A100: 99 | B100: 46000 | C100: duration / val/train | D100: 6664 | E100: =D102/D101 -> 1.4812291 | F100: 8490 | G100: =F102/F101 -> 1.8497332 | H100: 9140 | I100: =H102/H101 -> 1.7487977 | J100: 6856 | K100: =J102/J101 -> 1.6529647 | L100: 8546 | M100: =L102/L101 -> 2.0404412 | N100: 9325 | O100: =N102/N101 -> 2.0756272
...

Sheet Step2_checkponts
A1: № | B1: Checkpoints | D1: Params | E1: =E3&"/"&E4&"/"&E5&"/"&E6&"/"&TEXT(E7,"0.00")&"/"&E8 -> 12/128/4/2048/0.10/4 | F1: =F3&"/"&F4&"/"&F5&"/"&F6&"/"&TEXT(F7,"0.00")&"/"&F8 -> 10/192/6/2048/0.10/4 | G1: =G3&"/"&G4&"/"&G5&"/"&G6&"/"&TEXT(G7,"0.00")&"/"&G8 -> 8/256/8/2048/0.15/4
A2: 1 | D2: model size, M | E2: =($K$2*E4+E4*E6+E3*(12*E4^2+13*E4)+E4*$K$2)/1000000 -> 2.688768 | F2: =($K$2*F4+F4*F6+F3*(12*F4^2+13*F4)+F4*$K$2)/1000000 -> 4.912896 | G2: =($K$2*G4+G4*G6+G3*(12*G4^2+13*G4)+G4*$K$2)/1000000 -> 6.937088 | J2: vocab_size | K2: 185
A3: 2 | D3: n_layer | E3: 12 | F3: 10 | G3: 8
A4: 3 | D4: n_embd | E4: 128 | F4: 192 | G4: 256
A5: 4 | D5: n_head | E5: 4 | F5: 6 | G5: 8
A6: 5 | D6: block_size | E6: 2048 | F6: 2048 | G6: 2048
A7: 6 | D7: dropout | E7: 0.1 | F7: 0.1 | G7: 0.15
A8: 7 | D8: batch_size | E8: 4 | F8: 4 | G8: 4
A9: 8 | B9: val loss plateau | C9: Step 1 | D9: iterations | E9: 96000 | F9: 38000 | G9: 32000
A10: 9 | D10: duration | E10: 13934 | F10: 7151 | G10: 6441
A11: 10 | D11: train loss | E11: 0.6692 | F11: 0.6842 | G11: 0.6914
A12: 11 | D12: val loss | E12: 1.106 | F12: 1.0988 | G12: 1.0867
A13: 12 | C13: Step 2 zero | D13: iterations | E13: 38000 | F13: 10000 | G13: 14000
A14: 13 | D14: duration | E14: =5505+Step2!$D$30 -> 13664 | F14: =1820+Step2!$F$30 -> 12342 | G14: =2837+Step2!$H$30 -> 14252
A15: 14 | D15: train loss | E15: 0.7626 | F15: 0.6965 | G15: 0.7124
A16: 15 | D16: val loss | E16: 1.1131 | F16: 1.094 | G16: 1.0907
A17: 16 | D17: duration diff % | E17: =E14/E$10 -> 0.98062294 | F17: =F14/F$10 -> 1.7259125 | G17: =G14/G$10 -> 2.2126999
A18: 17 | C18: Step 2 normal | D18: iterations | E18: 22000 | F18: 4000 | G18: 12000
A19: 18 | D19: duration | E19: =3279+Step2!$J$30 -> 11974 | F19: =742+Step2!$L$30 -> 11226 | G19: =2378+Step2!$N$30 -> 11623
A20: 19 | D20: train loss | E20: 0.7393 | F20: 0.7058 | G20: 0.686
A21: 20 | D21: val loss | E21: 1.1101 | F21: 1.0869 | G21: 1.106
A22: 21 | D22: duration diff % | E22: =E19/E$10 -> 0.85933687 | F22: =F19/F$10 -> 1.5698504 | G22: =G19/G$10 -> 1.8045335
A23: 22 | B23: min val loss | C23: Step 1 | D23: iterations | E23: 232000 | F23: 76000 | G23: 56000
A24: 23 | D24: duration | E24: 34159 | F24: 14321 | G24: 11109
A25: 24 | D25: train loss | E25: 0.6136 | F25: 0.6078 | G25: 0.6195
A26: 25 | D26: val loss | E26: 1.0808 | F26: 1.0877 | G26: 1.0731
A27: 26 | C27: Step 2 zero | D27: iterations | E27: 220000 | F27: 4000 | G27: 30000
A28: 27 | D28: duration | E28: =32470+Step2!$D$30 -> 40629 | F28: =728+Step2!$F$30 -> 11250 | G28: =5950+Step2!$H$30 -> 17365
A29: 28 | D29: train loss | E29: 0.6302 | F29: 0.73 | G29: 0.6506
A30: 29 | D30: val loss | E30: 1.0527 | F30: 1.0813 | G30: 1.0658
A31: 30 | D31: val loss diff % | E31: =E30/E$26 -> 0.97400074 | F31: =F30/F$26 -> 0.99411602 | G31: =G30/G$26 -> 0.99319728
A32: 31 | C32: Step 2 normal | D32: iterations | E32: =94000 -> 94000 | F32: 14000 | G32: 30000
A33: 32 | D33: duration | E33: =14011+Step2!$J$30 -> 22706 | F33: =2579+Step2!$L$30 -> 13063 | G33: =6034+Step2!$N$30 -> 15279
A34: 33 | D34: train loss | E34: 0.6133 | F34: 0.6372 | G34: 0.587
A35: 34 | D35: val loss | E35: 1.0902 | F35: 1.0671 | G35: 1.0862
A36: 35 | D36: val loss diff % | E36: =E35/E$26 -> 1.0086973 | F36: =F35/F$26 -> 0.98106095 | G36: =G35/G$26 -> 1.0122076
A37: 36 | B37: min train loss | C37: Step 1 | D37: iterations | E37: 252000 | F37: 180000 | G37: 196000
A38: 37 | D38: duration | E38: 37172 | F38: 33606 | G38: 39193
A39: 38 | D39: train loss | E39: 0.6035 | F39: 0.5224 | G39: 0.5035
A40: 39 | D40: val loss | E40: 1.1132 | F40: 1.1467 | G40: 1.1503
A41: 40 | C41: Step 2 zero | D41: iterations | E41: 216000 | F41: 124000 | G41: 142000
A42: 41 | D42: duration | E42: =31891+Step2!$D$30 -> 40050 | F42: =23256+Step2!$F$30 -> 33778 | G42: =28126+Step2!$H$30 -> 39541
A43: 42 | D43: train loss | E43: 0.6232 | F43: 0.5339 | G43: 0.534
A44: 43 | D44: val loss | E44: 1.0681 | F44: 1.1299 | G44: 1.1196
A45: 44 | D45: duration diff % | E45: =E42/E$38 -> 1.0774239 | F45: =F42/F$38 -> 1.0051181 | G45: =G42/G$38 -> 1.0088791
A46: 45 | D46: train loss diff % | E46: =E43/E$39 -> 1.0326429 | F46: =F43/F$39 -> 1.0220138 | G46: =G43/G$39 -> 1.060576
A47: 46 | C47: Step 2 normal | D47: iterations | E47: 150000 | F47: 106000 | G47: 78000
A48: 47 | D48: duration | E48: =22446+Step2!$J$30 -> 31141 | F48: =19694+Step2!$L$30 -> 30178 | G48: =15707+Step2!$N$30 -> 24952
A49: 48 | D49: train loss | E49: 0.5813 | F49: 0.4744 | G49: 0.4907
A50: 49 | D50: val loss | E50: 1.105 | F50: 1.153 | G50: 1.1546
A51: 50 | D51: duration diff % | E51: =E48/E$38 -> 0.83775422 | F51: =F48/F$38 -> 0.89799441 | G51: =G48/G$38 -> 0.6366443
A52: 51 | D52: train loss diff % | E52: =E49/E$39 -> 0.96321458 | F52: =F49/F$39 -> 0.90811639 | G52: =G49/G$39 -> 0.97457795

Sheet Step3_Models_plan
A1: № | B1: Stage/Params | C1: =C3&"/"&C4&"/"&C5&"/"&C6&"/"&TEXT(C7,"0.00")&"/"&C8 -> 12/128/4/2048/0.10/4 | D1: =D3&"/"&D4&"/"&D5&"/"&D6&"/"&TEXT(D7,"0.00")&"/"&D8 -> 10/192/6/2048/0.10/4 | E1: =E3&"/"&E4&"/"&E5&"/"&E6&"/"&TEXT(E7,"0.00")&"/"&E8 -> 8/256/8/2048/0.15/4
A2: 1 | B2: model size, M | C2: =($I$2*C4+C4*C6+C3*(12*C4^2+13*C4)+C4*$I$2)/1000000 -> 2.688768 | D2: =($I$2*D4+D4*D6+D3*(12*D4^2+13*D4)+D4*$I$2)/1000000 -> 4.912896 | E2: =($I$2*E4+E4*E6+E3*(12*E4^2+13*E4)+E4*$I$2)/1000000 -> 6.937088 | H2: vocab_size | I2: 185
A3: 2 | B3: n_layer | C3: 12 | D3: 10 | E3: 8
A4: 3 | B4: n_embd | C4: 128 | D4: 192 | E4: 256
A5: 4 | B5: n_head | C5: 4 | D5: 6 | E5: 8
A6: 5 | B6: block_size | C6: 2048 | D6: 2048 | E6: 2048
A7: 6 | B7: dropout | C7: 0.1 | D7: 0.1 | E7: 0.15
A8: 7 | B8: batch_size | C8: 4 | D8: 4 | E8: 4
A9: 8 | B9: Start stage 1 | C9: =K9&"/"&L9&"/"&M9&"/"&N9&"/"&TEXT(O9,"0.00")&"/"&P9 -> 2/32/1/128/0.00/64 | D9: =S9&"/"&T9&"/"&U9&"/"&V9&"/"&TEXT(W9,"0.00")&"/"&X9 -> 2/64/2/128/0.00/64 | E9: =AA9&"/"&AB9&"/"&AC9&"/"&AD9&"/"&TEXT(AE9,"0.00")&"/"&AF9 -> 2/64/2/128/0.00/64 | J9: =(Step1_with_dropout!$P$2*L9+L9*N9+K9*(12*L9^2+13*L9)+L9*Step1_with_dropout!$P$2)/1000000 -> 0.041344 | K9: 2 | L9: 32 | M9: 1 | N9: 128 | O9: 0 | P9: 64 | R9: =(Step1_with_dropout!$P$2*T9+T9*V9+S9*(12*T9^2+13*T9)+T9*Step1_with_dropout!$P$2)/1000000 -> 0.13184 | S9: 2 | T9: 64 | U9: 2 | V9: 128 | W9: 0 | X9: 64 | Z9: =(Step1_with_dropout!$P$2*AB9+AB9*AD9+AA9*(12*AB9^2+13*AB9)+AB9*Step1_with_dropout!$P$2)/1000000 -> 0.13184 | AA9: 2 | AB9: 64 | AC9: 2 | AD9: 128 | AE9: 0 | AF9: 64
A10: 9 | B10: Stage 2 | C10: =K10&"/"&L10&"/"&M10&"/"&N10&"/"&TEXT(O10,"0.00")&"/"&P10 -> 4/64/2/256/0.05/64 | D10: =S10&"/"&T10&"/"&U10&"/"&V10&"/"&TEXT(W10,"0.00")&"/"&X10 -> 4/96/3/256/0.05/64 | E10: =AA10&"/"&AB10&"/"&AC10&"/"&AD10&"/"&TEXT(AE10,"0.00")&"/"&AF10 -> 3/96/3/256/0.05/64 | J10: =(Step1_with_dropout!$P$2*L10+L10*N10+K10*(12*L10^2+13*L10)+L10*Step1_with_dropout!$P$2)/1000000 -> 0.24 | K10: 4 | L10: 64 | M10: 2 | N10: 256 | O10: 0.05 | P10: 64 | R10: =(Step1_with_dropout!$P$2*T10+T10*V10+S10*(12*T10^2+13*T10)+T10*Step1_with_dropout!$P$2)/1000000 -> 0.507456 | S10: 4 | T10: 96 | U10: 3 | V10: 256 | W10: 0.05 | X10: 64 | Z10: =(Step1_with_dropout!$P$2*AB10+AB10*AD10+AA10*(12*AB10^2+13*AB10)+AB10*Step1_with_dropout!$P$2)/1000000 -> 0.395616 | AA10: 3 | AB10: 96 | AC10: 3 | AD10: 256 | AE10: 0.05 | AF10: 64
A11: 10 | B11: Stage 3 | C11: =K11&"/"&L11&"/"&M11&"/"&N11&"/"&TEXT(O11,"0.00")&"/"&P11 -> 6/64/2/512/0.05/64 | D11: =S11&"/"&T11&"/"&U11&"/"&V11&"/"&TEXT(W11,"0.00")&"/"&X11 -> 6/128/4/512/0.10/64 | E11: =AA11&"/"&AB11&"/"&AC11&"/"&AD11&"/"&TEXT(AE11,"0.00")&"/"&AF11 -> 4/128/4/512/0.05/64 | J11: =(Step1_with_dropout!$P$2*L11+L11*N11+K11*(12*L11^2+13*L11)+L11*Step1_with_dropout!$P$2)/1000000 -> 0.356352 | K11: 6 | L11: 64 | M11: 2 | N11: 512 | O11: 0.05 | P11: 64 | R11: =(Step1_with_dropout!$P$2*T11+T11*V11+S11*(12*T11^2+13*T11)+T11*Step1_with_dropout!$P$2)/1000000 -> 1.302528 | S11: 6 | T11: 128 | U11: 4 | V11: 512 | W11: 0.1 | X11: 64 | Z11: =(Step1_with_dropout!$P$2*AB11+AB11*AD11+AA11*(12*AB11^2+13*AB11)+AB11*Step1_with_dropout!$P$2)/1000000 -> 0.905984 | AA11: 4 | AB11: 128 | AC11: 4 | AD11: 512 | AE11: 0.05 | AF11: 64
A12: 11 | B12: Stage 4 | C12: =K12&"/"&L12&"/"&M12&"/"&N12&"/"&TEXT(O12,"0.00")&"/"&P12 -> 9/96/3/1024/0.05/32 | D12: =S12&"/"&T12&"/"&U12&"/"&V12&"/"&TEXT(W12,"0.00")&"/"&X12 -> 8/160/5/1536/0.10/8 | E12: =AA12&"/"&AB12&"/"&AC12&"/"&AD12&"/"&TEXT(AE12,"0.00")&"/"&AF12 -> 6/192/6/1536/0.10/8 | J12: =(Step1_with_dropout!$P$2*L12+L12*N12+K12*(12*L12^2+13*L12)+L12*Step1_with_dropout!$P$2)/1000000 -> 1.140384 | K12: 9 | L12: 96 | M12: 3 | N12: 1024 | O12: 0.05 | P12: 32 | R12: =(Step1_with_dropout!$P$2*T12+T12*V12+S12*(12*T12^2+13*T12)+T12*Step1_with_dropout!$P$2)/1000000 -> 2.7792 | S12: 8 | T12: 160 | U12: 5 | V12: 1536 | W12: 0.1 | X12: 8 | Z12: =(Step1_with_dropout!$P$2*AB12+AB12*AD12+AA12*(12*AB12^2+13*AB12)+AB12*Step1_with_dropout!$P$2)/1000000 -> 3.035136 | AA12: 6 | AB12: 192 | AC12: 6 | AD12: 1536 | AE12: 0.1 | AF12: 8
A13: 12 | B13: Final Stage 5 | C13: =K13&"/"&L13&"/"&M13&"/"&N13&"/"&TEXT(O13,"0.00")&"/"&P13 -> 12/128/4/2048/0.10/4 | D13: =S13&"/"&T13&"/"&U13&"/"&V13&"/"&TEXT(W13,"0.00")&"/"&X13 -> 10/192/6/2048/0.10/4 | E13: =AA13&"/"&AB13&"/"&AC13&"/"&AD13&"/"&TEXT(AE13,"0.00")&"/"&AF13 -> 8/256/8/2048/0.15/4 | J13: =(Step1_with_dropout!$P$2*L13+L13*N13+K13*(12*L13^2+13*L13)+L13*Step1_with_dropout!$P$2)/1000000 -> 2.688768 | K13: 12 | L13: 128 | M13: 4 | N13: 2048 | O13: 0.1 | P13: 4 | R13: =(Step1_with_dropout!$P$2*T13+T13*V13+S13*(12*T13^2+13*T13)+T13*Step1_with_dropout!$P$2)/1000000 -> 4.912896 | S13: 10 | T13: 192 | U13: 6 | V13: 2048 | W13: 0.1 | X13: 4 | Z13: =(Step1_with_dropout!$P$2*AB13+AB13*AD13+AA13*(12*AB13^2+13*AB13)+AB13*Step1_with_dropout!$P$2)/1000000 -> 6.937088 | AA13: 8 | AB13: 256 | AC13: 8 | AD13: 2048 | AE13: 0.15 | AF13: 4

Sheet Step3
A1: № | B1: iterations | C1: Params | D1: =D3&"/"&D4&"/"&D5&"/"&D6&"/"&TEXT(D7,"0.00")&"/"&D8 -> 12/128/4/2048/0.10/4 | F1: =F3&"/"&F4&"/"&F5&"/"&F6&"/"&TEXT(F7,"0.00")&"/"&F8 -> 10/192/6/2048/0.10/4 | H1: =H3&"/"&H4&"/"&H5&"/"&H6&"/"&TEXT(H7,"0.00")&"/"&H8 -> 8/256/8/2048/0.15/4 | J1: =J3&"/"&J4&"/"&J5&"/"&J6&"/"&TEXT(J7,"0.00")&"/"&J8 -> 12/128/4/2048/0.10/4 | L1: =L3&"/"&L4&"/"&L5&"/"&L6&"/"&TEXT(L7,"0.00")&"/"&L8 -> 10/192/6/2048/0.10/4 | N1: =N3&"/"&N4&"/"&N5&"/"&N6&"/"&TEXT(N7,"0.00")&"/"&N8 -> 8/256/8/2048/0.15/4
A2: 1 | C2: model size, M | D2: =($R$2*D4+D4*D6+D3*(12*D4^2+13*D4)+D4*$R$2)/1000000 -> 2.688768 | F2: =($R$2*F4+F4*F6+F3*(12*F4^2+13*F4)+F4*$R$2)/1000000 -> 4.912896 | H2: =($R$2*H4+H4*H6+H3*(12*H4^2+13*H4)+H4*$R$2)/1000000 -> 6.937088 | J2: =($R$2*J4+J4*J6+J3*(12*J4^2+13*J4)+J4*$R$2)/1000000 -> 2.688768 | L2: =($R$2*L4+L4*L6+L3*(12*L4^2+13*L4)+L4*$R$2)/1000000 -> 4.912896 | N2: =($R$2*N4+N4*N6+N3*(12*N4^2+13*N4)+N4*$R$2)/1000000 -> 6.937088 | Q2: vocab_size | R2: 185
A3: 2 | C3: n_layer | D3: 12 | F3: 10 | H3: 8 | J3: 12 | L3: 10 | N3: 8
A4: 3 | C4: n_embd | D4: 128 | F4: 192 | H4: 256 | J4: 128 | L4: 192 | N4: 256
A5: 4 | C5: n_head | D5: 4 | F5: 6 | H5: 8 | J5: 4 | L5: 6 | N5: 8
A6: 5 | C6: block_size | D6: 2048 | F6: 2048 | H6: 2048 | J6: 2048 | L6: 2048 | N6: 2048
A7: 6 | C7: dropout | D7: 0.1 | F7: 0.1 | H7: 0.15 | J7: 0.1 | L7: 0.1 | N7: 0.15
A8: 7 | C8: batch_size | D8: 4 | F8: 4 | H8: 4 | J8: 4 | L8: 4 | N8: 4
A9: 8 | C9: zero_new_weights | D9: True | F9: True | H9: True | J9: False | L9: False | N9: False
A10: 9 | B10: Stage 1 | C10: model | D10: =Step3_Models_plan!C9&"/"&D11/1000&"k" -> 2/32/1/128/0.00/64/80k | F10: =Step3_Models_plan!D9&"/"&F11/1000&"k" -> 2/64/2/128/0.00/64/80k | H10: =Step3_Models_plan!E9&"/"&H11/1000&"k" -> 2/64/2/128/0.00/64/80k | J10: =Step3_Models_plan!C9&"/"&J11/1000&"k" -> 2/32/1/128/0.00/64/80k | L10: =Step3_Models_plan!D9&"/"&L11/1000&"k" -> 2/64/2/128/0.00/64/80k | N10: =Step3_Models_plan!E9&"/"&N11/1000&"k" -> 2/64/2/128/0.00/64/80k
A11: 10 | C11: iterations | D11: 80000 | F11: 80000 | H11: 80000 | J11: 80000 | L11: 80000 | N11: 80000
A12: 11 | C12: duration / val/train | D12: 434 | E12: =D14/D13 -> 1.2828185 | F12: 437 | G12: =F14/F13 -> 1.5386187 | H12: 420 | I12: =H14/H13 -> 1.5386187 | J12: 432 | K12: =J14/J13 -> 1.2828185 | L12: 437 | M12: =L14/L13 -> 1.5386187 | N12: 445 | O12: =N14/N13 -> 1.5386187
A13: 12 | C13: train loss | D13: 1.5441 | F13: 1.2235 | H13: 1.2235 | J13: 1.5441 | L13: 1.2235 | N13: 1.2235
A14: 13 | C14: val loss | D14: 1.9808 | F14: 1.8825 | H14: 1.8825 | J14: 1.9808 | L14: 1.8825 | N14: 1.8825
A15: 14 | B15: Stage 2 | C15: model | D15: =Step3_Models_plan!C10&"/"&D16/1000&"k" -> 4/64/2/256/0.05/64/115k | F15: =Step3_Models_plan!D10&"/"&F16/1000&"k" -> 4/96/3/256/0.05/64/100k | H15: =Step3_Models_plan!E10&"/"&H16/1000&"k" -> 3/96/3/256/0.05/64/175k | J15: =Step3_Models_plan!C10&"/"&J16/1000&"k" -> 4/64/2/256/0.05/64/110k | L15: =Step3_Models_plan!D10&"/"&L16/1000&"k" -> 4/96/3/256/0.05/64/80k | N15: =Step3_Models_plan!E10&"/"&N16/1000&"k" -> 3/96/3/256/0.05/64/125k
A16: 15 | C16: iterations | D16: 115000 | F16: 100000 | H16: 175000 | J16: 110000 | L16: 80000 | N16: 125000
A17: 16 | C17: duration / val/train | D17: 1101 | E17: =D19/D18 -> 1.4515099 | F17: 1490 | G17: =F19/F18 -> 1.6929083 | H17: 2003 | I17: =H19/H18 -> 1.5810931 | J17: 1070 | K17: =J19/J18 -> 1.4681867 | L17: 1170 | M17: =L19/L18 -> 1.7865793 | N17: 1468 | O17: =N19/N18 -> 1.6229849
A18: 17 | C18: train loss | D18: 1.159 | E18: =(D18-D13)/D13 -> -0.24940095 | F18: 0.9222 | G18: =(F18-F13)/F13 -> -0.24626073 | H18: 1.0081 | I18: =(H18-H13)/H13 -> -0.17605231 | J18: 1.1096 | K18: =(J18-J13)/J13 -> -0.28139369 | L18: 0.9001 | M18: =(L18-L13)/L13 -> -0.26432366 | N18: 0.9615 | O18: =(N18-N13)/N13 -> -0.21413976
A19: 18 | C19: val loss | D19: 1.6823 | E19: =(D19-D14)/D14 -> -0.15069669 | F19: 1.5612 | G19: =(F19-F14)/F14 -> -0.17067729 | H19: 1.5939 | I19: =(H19-H14)/H14 -> -0.15330677 | J19: 1.6291 | K19: =(J19-J14)/J14 -> -0.17755452 | L19: 1.6081 | M19: =(L19-L14)/L14 -> -0.14576361 | N19: 1.5605 | O19: =(N19-N14)/N14 -> -0.17104914
A20: 19 | B20: Stage 3 | C20: model | D20: =Step3_Models_plan!C11&"/"&D21/1000&"k" -> 6/64/2/512/0.05/64/75k | F20: =Step3_Models_plan!D11&"/"&F21/1000&"k" -> 6/128/4/512/0.10/64/25k | H20: =Step3_Models_plan!E11&"/"&H21/1000&"k" -> 4/128/4/512/0.05/64/40k | J20: =Step3_Models_plan!C11&"/"&J21/1000&"k" -> 6/64/2/512/0.05/64/35k | L20: =Step3_Models_plan!D11&"/"&L21/1000&"k" -> 6/128/4/512/0.10/64/20k | N20: =Step3_Models_plan!E11&"/"&N21/1000&"k" -> 4/128/4/512/0.05/64/20k
A21: 20 | C21: iterations | D21: 75000 | F21: 25000 | H21: 40000 | J21: 35000 | L21: 20000 | N21: 20000
A22: 21 | C22: duration / val/train | D22: 3407 | E22: =D24/D23 -> 1.5426204 | F22: 2299 | G22: =F24/F23 -> 1.8021175 | H22: 2497 | I22: =H24/H23 -> 1.8215933 | J22: 1574 | K22: =J24/J23 -> 1.5140283 | L22: 1768 | M22: =L24/L23 -> 1.9384818 | N22: 1241 | O22: =N24/N23 -> 1.9330918
A23: 22 | C23: train loss | D23: 0.9655 | E23: =(D23-D18)/D18 -> -0.16695427 | F23: 0.7934 | G23: =(F23-F18)/F18 -> -0.13966602 | H23: 0.8021 | I23: =(H23-H18)/H18 -> -0.20434481 | J23: 0.9766 | K23: =(J23-J18)/J18 -> -0.11986301 | L23: 0.7575 | M23: =(L23-L18)/L18 -> -0.15842684 | N23: 0.7727 | O23: =(N23-N18)/N18 -> -0.19635985
A24: 23 | C24: val loss | D24: 1.4894 | E24: =(D24-D19)/D19 -> -0.11466445 | F24: 1.4298 | G24: =(F24-F19)/F19 -> -0.084166026 | H24: 1.4611 | I24: =(H24-H19)/H19 -> -0.083317649 | J24: 1.4786 | K24: =(J24-J19)/J19 -> -0.092382297 | L24: 1.4684 | M24: =(L24-L19)/L19 -> -0.086872707 | N24: 1.4937 | O24: =(N24-N19)/N19 -> -0.042806793
A25: 24 | B25: Stage 4 | C25: model | D25: =Step3_Models_plan!C12&"/"&D26/1000&"k" -> 9/96/3/1024/0.05/32/75k | F25: =Step3_Models_plan!D12&"/"&F26/1000&"k" -> 8/160/5/1536/0.10/8/95k | H25: =Step3_Models_plan!E12&"/"&H26/1000&"k" -> 6/192/6/1536/0.10/8/110k | J25: =Step3_Models_plan!C12&"/"&J26/1000&"k" -> 9/96/3/1024/0.05/32/95k | L25: =Step3_Models_plan!D12&"/"&L26/1000&"k" -> 8/160/5/1536/0.10/8/95k | N25: =Step3_Models_plan!E12&"/"&N26/1000&"k" -> 6/192/6/1536/0.10/8/85k
A26: 25 | C26: iterations | D26: 75000 | F26: 95000 | H26: 110000 | J26: 95000 | L26: 95000 | N26: 85000
A27: 26 | C27: duration / val/train | D27: 13334 | E27: =D29/D28 -> 1.6796958 | F27: 14050 | G27: =F29/F28 -> 1.9599681 | H27: 14644 | I27: =H29/H28 -> 1.9161905 | J27: 16583 | K27: =J29/J28 -> 1.9072211 | L27: 13995 | M27: =L29/L28 -> 2.2209551 | N27: 11269 | O27: =N29/N28 -> 2.2053978
A28: 27 | C28: train loss | D28: 0.7496 | E28: =(D28-D23)/D23 -> -0.22361471 | F28: 0.627 | G28: =(F28-F23)/F23 -> -0.20973027 | H28: 0.63 | I28: =(H28-H23)/H23 -> -0.21456178 | J28: 0.6758 | K28: =(J28-J23)/J23 -> -0.30800737 | L28: 0.5612 | M28: =(L28-L23)/L23 -> -0.25914191 | N28: 0.5706 | O28: =(N28-N23)/N23 -> -0.26155041
A29: 28 | C29: val loss | D29: 1.2591 | E29: =(D29-D24)/D24 -> -0.15462602 | F29: 1.2289 | G29: =(F29-F24)/F24 -> -0.14050916 | H29: 1.2072 | I29: =(H29-H24)/H24 -> -0.17377318 | J29: 1.2889 | K29: =(J29-J24)/J24 -> -0.12829704 | L29: 1.2464 | M29: =(L29-L24)/L24 -> -0.15118496 | N29: 1.2584 | O29: =(N29-N24)/N24 -> -0.15752829
A30: 29 | C30: Total time | D30: =D12+D17+D22+D27 -> 18276 | F30: =F12+F17+F22+F27 -> 18276 | H30: =H12+H17+H22+H27 -> 19564 | J30: =J12+J17+J22+J27 -> 19659 | L30: =L12+L17+L22+L27 -> 17370 | N30: =N12+N17+N22+N27 -> 14423
A31: 30 | B31: 0 | C31: duration / val/train | D31: 0 | E31: =D33/D32 -> 1.0403916 | F31: 0 | G31: =F33/F32 -> 1.0456801 | H31: 0 | I31: =H33/H32 -> 1.0937152 | J31: 0 | K31: =J33/J32 -> 1.0332324 | L31: 0 | M31: =L33/L32 -> 1.007732 | N31: 0 | O31: =N33/N32 -> 0.99123073
A32: 31 | C32: train loss | D32: 3.8201 | F32: 3.426 | H32: 3.4082 | J32: 3.8306 | L32: 3.5825 | N32: 3.6263
A33: 32 | C33: val loss | D33: 3.9744 | F33: 3.5825 | H33: 3.7276 | J33: 3.9579 | L33: 3.6102 | N33: 3.5945
A34: 33 | B34: 2000 | C34: duration / val/train | D34: 290 | E34: =D36/D35 -> 1.2887871 | F34: 364 | G34: =F36/F35 -> 1.5044579 | H34: 404 | I34: =H36/H35 -> 1.372902 | J34: 291 | K34: =J36/J35 -> 1.3171299 | L34: 382 | M34: =L36/L35 -> 1.5411498 | N34: 390 | O34: =N36/N35 -> 1.3729269
A35: 34 | C35: train loss / train diff % | D35: 1.0042 | E35: =(D35-D32)/D32 -> -0.7371273 | F35: 0.7739 | G35: =(F35-F32)/F32 -> -0.77410975 | H35: 0.8222 | I35: =(H35-H32)/H32 -> -0.75875829 | J35: 0.9463 | K35: =(J35-J32)/J32 -> -0.75296298 | L35: 0.7497 | M35: =(L35-L32)/L32 -> -0.79073273 | N35: 0.8924 | O35: =(N35-N32)/N32 -> -0.75390894
A36: 35 | C36: val loss / val diff % | D36: 1.2942 | E36: =(D36-D33)/D33 -> -0.67436594 | F36: 1.1643 | G36: =(F36-F33)/F33 -> -0.67500349 | H36: 1.1288 | I36: =(H36-H33)/H33 -> -0.69717781 | J36: 1.2464 | K36: =(J36-J33)/J33 -> -0.68508553 | L36: 1.1554 | M36: =(L36-L33)/L33 -> -0.67996233 | N36: 1.2252 | O36: =(N36-N33)/N33 -> -0.65914592
A37: 36 | B37: 4000 | C37: duration / val/train | D37: 580 | E37: =D39/D38 -> 1.3563231 | F37: 728 | G37: =F39/F38 -> 1.5623978 | H37: 799 | I37: =H39/H38 -> 1.425876 | J37: 581 | K37: =J39/J38 -> 1.378519 | L37: 761 | M37: =L39/L38 -> 1.6482122 | N37: 779 | O37: =N39/N38 -> 1.4929432
A38: 37 | C38: train loss / train diff % | D38: 0.9062 | E38: =(D38-D35)/D35 -> -0.097590121 | F38: 0.734 | G38: =(F38-F35)/F35 -> -0.051557049 | H38: 0.7791 | I38: =(H38-H35)/H35 -> -0.052420336 | J38: 0.8454 | K38: =(J38-J35)/J35 -> -0.10662581 | L38: 0.6936 | M38: =(L38-L35)/L35 -> -0.074829932 | N38: 0.7723 | O38: =(N38-N35)/N35 -> -0.13458091
A39: 38 | C39: val loss / val diff % | D39: 1.2291 | E39: =(D39-D36)/D36 -> -0.050301344 | F39: 1.1468 | G39: =(F39-F36)/F36 -> -0.01503049 | H39: 1.1109 | I39: =(H39-H36)/H36 -> -0.015857548 | J39: 1.1654 | K39: =(J39-J36)/J36 -> -0.064987163 | L39: 1.1432 | M39: =(L39-L36)/L36 -> -0.010559114 | N39: 1.153 | O39: =(N39-N36)/N36 -> -0.058929154
A40: 39 | B40: 6000 | C40: duration / val/train | D40: 869 | E40: =D42/D41 -> 1.3587413 | F40: 1098 | G40: =F42/F41 -> 1.5855818 | H40: 1206 | I40: =H42/H41 -> 1.4638707 | J40: 876 | K40: =J42/J41 -> 1.4168204 | L40: 1140 | M40: =L42/L41 -> 1.6497184 | N40: 1168 | O40: =N42/N41 -> 1.5340894
A41: 40 | C41: train loss / train diff % | D41: 0.8803 | E41: =(D41-D38)/D38 -> -0.028580887 | F41: 0.7116 | G41: =(F41-F38)/F38 -> -0.030517711 | H41: 0.7487 | I41: =(H41-H38)/H38 -> -0.039019381 | J41: 0.8133 | K41: =(J41-J38)/J38 -> -0.037970192 | L41: 0.6746 | M41: =(L41-L38)/L38 -> -0.02739331 | N41: 0.7319 | O41: =(N41-N38)/N38 -> -0.052311278
A42: 41 | C42: val loss / val diff % | D42: 1.1961 | E42: =(D42-D39)/D39 -> -0.026848914 | F42: 1.1283 | G42: =(F42-F39)/F39 -> -0.016131845 | H42: 1.096 | I42: =(H42-H39)/H39 -> -0.013412548 | J42: 1.1523 | K42: =(J42-J39)/J39 -> -0.011240776 | L42: 1.1129 | M42: =(L42-L39)/L39 -> -0.026504549 | N42: 1.1228 | O42: =(N42-N39)/N39 -> -0.026192541
A43: 42 | B43: 8000 | C43: duration / val/train | D43: 1159 | E43: =D45/D44 -> 1.3728498 | F43: 1464 | G43: =F45/F44 -> 1.5820662 | H43: 1608 | I43: =H45/H44 -> 1.4964423 | J43: 1177 | K43: =J45/J44 -> 1.4170747 | L43: 1521 | M43: =L45/L44 -> 1.7289663 | N43: 1569 | O43: =N45/N44 -> 1.5530239
A44: 43 | C44: train loss / train diff % | D44: 0.8604 | E44: =(D44-D41)/D41 -> -0.02260593 | F44: 0.7037 | G44: =(F44-F41)/F41 -> -0.011101743 | H44: 0.7308 | I44: =(H44-H41)/H41 -> -0.023908107 | J44: 0.7965 | K44: =(J44-J41)/J41 -> -0.020656584 | L44: 0.6549 | M44: =(L44-L41)/L41 -> -0.02920249 | N44: 0.711 | O44: =(N44-N41)/N41 -> -0.028555814
A45: 44 | C45: val loss / val diff % | D45: 1.1812 | E45: =(D45-D42)/D42 -> -0.012457152 | F45: 1.1133 | G45: =(F45-F42)/F42 -> -0.013294337 | H45: 1.0936 | I45: =(H45-H42)/H42 -> -0.002189781 | J45: 1.1287 | K45: =(J45-J42)/J42 -> -0.020480778 | L45: 1.1323 | M45: =(L45-L42)/L42 -> 0.017431935 | N45: 1.1042 | O45: =(N45-N42)/N42 -> -0.016565729
A46: 45 | B46: 10000 | C46: duration / val/train | D46: 1449 | E46: =D48/D47 -> 1.3826149 | F46: 1828 | G46: =F48/F47 -> 1.6068625 | H46: 2007 | I46: =H48/H47 -> 1.5087254 | J46: 1486 | K46: =J48/J47 -> 1.4559107 | L46: 1899 | M46: =L48/L47 -> 1.7202177 | N46: 1975 | O46: =N48/N47 -> 1.6069155
A47: 46 | C47: train loss / train diff % | D47: 0.8421 | E47: =(D47-D44)/D44 -> -0.021269177 | F47: 0.6878 | G47: =(F47-F44)/F44 -> -0.022594856 | H47: 0.7163 | I47: =(H47-H44)/H44 -> -0.01984127 | J47: 0.7791 | K47: =(J47-J44)/J44 -> -0.021845574 | L47: 0.643 | M47: =(L47-L44)/L44 -> -0.018170713 | N47: 0.6912 | O47: =(N47-N44)/N44 -> -0.027848101
A48: 47 | C48: val loss / val diff % | D48: 1.1643 | E48: =(D48-D45)/D45 -> -0.014307484 | F48: 1.1052 | G48: =(F48-F45)/F45 -> -0.0072756669 | H48: 1.0807 | I48: =(H48-H45)/H45 -> -0.011795903 | J48: 1.1343 | K48: =(J48-J45)/J45 -> 0.0049614601 | L48: 1.1061 | M48: =(L48-L45)/L45 -> -0.023138744 | N48: 1.1107 | O48: =(N48-N45)/N45 -> 0.0058866147
A49: 48 | B49: 12000 | C49: duration / val/train | D49: 1738 | E49: =D51/D50 -> 1.3877649 | F49: 2192 | G49: =F51/F50 -> 1.6549734 | H49: 2417 | I49: =H51/H50 -> 1.5456738 | J49: 1787 | K49: =J51/J50 -> 1.4563285 | L49: 2268 | M49: =L51/L50 -> 1.7333438 | N49: 2376 | O49: =N51/N50 -> 1.6374432
A50: 49 | C50: train loss / train diff % | D50: 0.8353 | E50: =(D50-D47)/D47 -> -0.0080750505 | F50: 0.6756 | G50: =(F50-F47)/F47 -> -0.017737714 | H50: 0.705 | I50: =(H50-H47)/H47 -> -0.015775513 | J50: 0.7648 | K50: =(J50-J47)/J47 -> -0.018354512 | L50: 0.6379 | M50: =(L50-L47)/L47 -> -0.0079315708 | N50: 0.6821 | O50: =(N50-N47)/N47 -> -0.013165509
A51: 50 | C51: val loss / val diff % | D51: 1.1592 | E51: =(D51-D48)/D48 -> -0.0043803144 | F51: 1.1181 | G51: =(F51-F48)/F48 -> 0.011672096 | H51: 1.0897 | I51: =(H51-H48)/H48 -> 0.0083279356 | J51: 1.1138 | K51: =(J51-J48)/J48 -> -0.01807282 | L51: 1.1057 | M51: =(L51-L48)/L48 -> -0.00036163096 | N51: 1.1169 | O51: =(N51-N48)/N48 -> 0.0055820654
A52: 51 | B52: 14000 | C52: duration / val/train | D52: 2028 | E52: =D54/D53 -> 1.4067237 | F52: 2568 | G52: =F54/F53 -> 1.6832484 | H52: 2820 | I52: =H54/H53 -> 1.5721702 | J52: 2104 | K52: =J54/J53 -> 1.4802858 | L52: 2650 | M52: =L54/L53 -> 1.765849 | N52: 2776 | O52: =N54/N53 -> 1.6815845
A53: 52 | C53: train loss / train diff % | D53: 0.818 | E53: =(D53-D50)/D50 -> -0.020711122 | F53: 0.6674 | G53: =(F53-F50)/F50 -> -0.012137359 | H53: 0.6935 | I53: =(H53-H50)/H50 -> -0.016312057 | J53: 0.7558 | K53: =(J53-J50)/J50 -> -0.011767782 | L53: 0.6278 | M53: =(L53-L50)/L50 -> -0.015833203 | N53: 0.6614 | O53: =(N53-N50)/N50 -> -0.030347456
A54: 53 | C54: val loss / val diff % | D54: 1.1507 | E54: =(D54-D51)/D51 -> -0.0073326432 | F54: 1.1234 | G54: =(F54-F51)/F51 -> 0.0047401842 | H54: 1.0903 | I54: =(H54-H51)/H51 -> 0.00055061026 | J54: 1.1188 | K54: =(J54-J51)/J51 -> 0.0044891363 | L54: 1.1086 | M54: =(L54-L51)/L51 -> 0.0026227729 | N54: 1.1122 | O54: =(N54-N51)/N51 -> -0.0042080759
A55: 54 | B55: 16000 | C55: duration / val/train | D55: 2318 | E55: =D57/D56 -> 1.4022195 | F55: 2945 | G55: =F57/F56 -> 1.6905123 | H55: 3225 | I55: =H57/H56 -> 1.5901591 | J55: 2429 | K55: =J57/J56 -> 1.4747134 | L55: 3028 | M55: =L57/L56 -> 1.8330088 | N55: 3178 | O55: =N57/N56 -> 1.7149706
A56: 55 | C56: train loss / train diff % | D56: 0.811 | E56: =(D56-D53)/D53 -> -0.0085574572 | F56: 0.6598 | G56: =(F56-F53)/F53 -> -0.011387474 | H56: 0.6849 | I56: =(H56-H53)/H53 -> -0.012400865 | J56: 0.7415 | K56: =(J56-J53)/J53 -> -0.018920349 | L56: 0.6162 | M56: =(L56-L53)/L53 -> -0.018477222 | N56: 0.6466 | O56: =(N56-N53)/N53 -> -0.022376777
A57: 56 | C57: val loss / val diff % | D57: 1.1372 | E57: =(D57-D54)/D54 -> -0.011731989 | F57: 1.1154 | G57: =(F57-F54)/F54 -> -0.0071212391 | H57: 1.0891 | I57: =(H57-H54)/H54 -> -0.0011006145 | J57: 1.0935 | K57: =(J57-J54)/J54 -> -0.022613514 | L57: 1.1295 | M57: =(L57-L54)/L54 -> 0.018852607 | N57: 1.1089 | O57: =(N57-N54)/N54 -> -0.0029670922
A58: 57 | B58: 18000 | C58: duration / val/train | D58: 2607 | E58: =D60/D59 -> 1.4275698 | F58: 3322 | G58: =F60/F59 -> 1.7188743 | H58: 3626 | I58: =H60/H59 -> 1.596703 | J58: 2753 | K58: =J60/J59 -> 1.4857104 | L58: 3404 | M58: =L60/L59 -> 1.7972313 | N58: 3592 | O58: =N60/N59 -> 1.7185104
A59: 58 | C59: train loss / train diff % | D59: 0.7987 | E59: =(D59-D56)/D56 -> -0.015166461 | F59: 0.6538 | G59: =(F59-F56)/F56 -> -0.0090936647 | H59: 0.6794 | I59: =(H59-H56)/H56 -> -0.0080303694 | J59: 0.7348 | K59: =(J59-J56)/J56 -> -0.0090357384 | L59: 0.614 | M59: =(L59-L56)/L56 -> -0.0035702694 | N59: 0.6391 | O59: =(N59-N56)/N56 -> -0.011599134
A60: 59 | C60: val loss / val diff % | D60: 1.1402 | E60: =(D60-D57)/D57 -> 0.0026380584 | F60: 1.1238 | G60: =(F60-F57)/F57 -> 0.0075309306 | H60: 1.0848 | I60: =(H60-H57)/H57 -> -0.0039482141 | J60: 1.0917 | K60: =(J60-J57)/J57 -> -0.0016460905 | L60: 1.1035 | M60: =(L60-L57)/L57 -> -0.023019035 | N60: 1.0983 | O60: =(N60-N57)/N57 -> -0.0095590225
A61: 60 | B61: 20000 | C61: duration / val/train | D61: 2897 | E61: =D63/D62 -> 1.4483972 | F61: 3713 | G61: =F63/F62 -> 1.753553 | H61: 4023 | I61: =H63/H62 -> 1.6204738 | J61: 3075 | K61: =J63/J62 -> 1.510266 | L61: 3772 | M61: =L63/L62 -> 1.871388 | N61: 4001 | O61: =N63/N62 -> 1.7383222
A62: 61 | C62: train loss / train diff % | D62: 0.7955 | E62: =(D62-D59)/D59 -> -0.0040065106 | F62: 0.6403 | G62: =(F62-F59)/F59 -> -0.020648516 | H62: 0.6711 | I62: =(H62-H59)/H59 -> -0.012216662 | J62: 0.7257 | K62: =(J62-J59)/J59 -> -0.012384322 | L62: 0.5987 | M62: =(L62-L59)/L59 -> -0.024918567 | N62: 0.6294 | O62: =(N62-N59)/N59 -> -0.015177593
A63: 62 | C63: val loss / val diff % | D63: 1.1522 | E63: =(D63-D60)/D60 -> 0.010524469 | F63: 1.1228 | G63: =(F63-F60)/F60 -> -0.00088983805 | H63: 1.0875 | I63: =(H63-H60)/H60 -> 0.0024889381 | J63: 1.096 | K63: =(J63-J60)/J60 -> 0.003938811 | L63: 1.1204 | M63: =(L63-L60)/L60 -> 0.015314907 | N63: 1.0941 | O63: =(N63-N60)/N60 -> -0.0038240918
A64: 63 | B64: 22000 | C64: duration / val/train | D64: 3187 | E64: =D66/D65 -> 1.4639542 | F64: 4095 | G64: =F66/F65 -> 1.7239235 | H64: 4419 | I64: =H66/H65 -> 1.613633 | J64: 3388 | K64: =J66/J65 -> 1.5226166 | L64: 4137 | M64: =L66/L65 -> 1.8744552 | N64: 4403 | O64: =N66/N65 -> 1.793316
A65: 64 | C65: train loss / train diff % | D65: 0.7865 | E65: =(D65-D62)/D62 -> -0.011313639 | F65: 0.6433 | G65: =(F65-F62)/F62 -> 0.0046853038 | H65: 0.6675 | I65: =(H65-H62)/H62 -> -0.0053643272 | J65: 0.7185 | K65: =(J65-J62)/J62 -> -0.0099214551 | L65: 0.5966 | M65: =(L65-L62)/L62 -> -0.0035075998 | N65: 0.6164 | O65: =(N65-N62)/N62 -> -0.020654592
A66: 65 | C66: val loss / val diff % | D66: 1.1514 | E66: =(D66-D63)/D63 -> -0.0006943239 | F66: 1.109 | G66: =(F66-F63)/F63 -> -0.012290702 | H66: 1.0771 | I66: =(H66-H63)/H63 -> -0.0095632184 | J66: 1.094 | K66: =(J66-J63)/J63 -> -0.0018248175 | L66: 1.1183 | M66: =(L66-L63)/L63 -> -0.0018743306 | N66: 1.1054 | O66: =(N66-N63)/N63 -> 0.010328124
A67: 66 | B67: 24000 | C67: duration / val/train | D67: 3477 | E67: =D69/D68 -> 1.4680026 | F67: 4492 | G67: =F69/F68 -> 1.7568341 | H67: 4811 | I67: =H69/H68 -> 1.6400424 | J67: 3690 | K67: =J69/J68 -> 1.5260644 | L67: 4502 | M67: =L69/L68 -> 1.8812084 | N67: 4802 | O67: =N69/N68 -> 1.7893869
A68: 67 | C68: train loss / train diff % | D68: 0.7735 | E68: =(D68-D65)/D65 -> -0.016528926 | F68: 0.6292 | G68: =(F68-F65)/F65 -> -0.021918234 | H68: 0.6598 | I68: =(H68-H65)/H65 -> -0.011535581 | J68: 0.7117 | K68: =(J68-J65)/J65 -> -0.0094641614 | L68: 0.5859 | M68: =(L68-L65)/L65 -> -0.017934965 | N68: 0.6068 | O68: =(N68-N65)/N65 -> -0.015574302
A69: 68 | C69: val loss / val diff % | D69: 1.1355 | E69: =(D69-D66)/D66 -> -0.013809276 | F69: 1.1054 | G69: =(F69-F66)/F66 -> -0.0032461677 | H69: 1.0821 | I69: =(H69-H66)/H66 -> 0.0046420945 | J69: 1.0861 | K69: =(J69-J66)/J66 -> -0.0072212066 | L69: 1.1022 | M69: =(L69-L66)/L66 -> -0.014396852 | N69: 1.0858 | O69: =(N69-N66)/N66 -> -0.017731138
A70: 69 | B70: 26000 | C70: duration / val/train | D70: 3766 | E70: =D72/D71 -> 1.4895315 | F70: 4881 | G70: =F72/F71 -> 1.7620334 | H70: 5199 | I70: =H72/H71 -> 1.6778963 | J70: 3988 | K70: =J72/J71 -> 1.5722246 | L70: 4867 | M70: =L72/L71 -> 1.9209753 | N70: 5203 | O70: =N72/N71 -> 1.8098662
A71: 70 | C71: train loss / train diff % | D71: 0.7642 | E71: =(D71-D68)/D68 -> -0.012023271 | F71: 0.6295 | G71: =(F71-F68)/F68 -> 0.00047679593 | H71: 0.656 | I71: =(H71-H68)/H68 -> -0.005759321 | J71: 0.6999 | K71: =(J71-J68)/J68 -> -0.01658002 | L71: 0.5783 | M71: =(L71-L68)/L68 -> -0.012971497 | N71: 0.598 | O71: =(N71-N68)/N68 -> -0.014502307
A72: 71 | C72: val loss / val diff % | D72: 1.1383 | E72: =(D72-D69)/D69 -> 0.0024658741 | F72: 1.1092 | G72: =(F72-F69)/F69 -> 0.0034376696 | H72: 1.1007 | I72: =(H72-H69)/H69 -> 0.0171888 | J72: 1.1004 | K72: =(J72-J69)/J69 -> 0.013166375 | L72: 1.1109 | M72: =(L72-L69)/L69 -> 0.0078933043 | N72: 1.0823 | O72: =(N72-N69)/N69 -> -0.0032234297
A73: 72 | B73: 28000 | C73: duration / val/train | D73: 4056 | E73: =D75/D74 -> 1.4571094 | F73: 5256 | G73: =F75/F74 -> 1.7760267 | H73: 5587 | I73: =H75/H74 -> 1.6738059 | J73: 4282 | K73: =J75/J74 -> 1.5816429 | L73: 5232 | M73: =L75/L74 -> 1.9284471 | N73: 5621 | O73: =N75/N74 -> 1.8330229
A74: 73 | C74: train loss / train diff % | D74: 0.7694 | E74: =(D74-D71)/D71 -> 0.0068045014 | F74: 0.6282 | G74: =(F74-F71)/F71 -> -0.0020651311 | H74: 0.649 | I74: =(H74-H71)/H71 -> -0.010670732 | J74: 0.6951 | K74: =(J74-J71)/J71 -> -0.0068581226 | L74: 0.5744 | M74: =(L74-L71)/L71 -> -0.0067439045 | N74: 0.5905 | O74: =(N74-N71)/N71 -> -0.012541806
A75: 74 | C75: val loss / val diff % | D75: 1.1211 | E75: =(D75-D72)/D72 -> -0.015110252 | F75: 1.1157 | G75: =(F75-F72)/F72 -> 0.0058600793 | H75: 1.0863 | I75: =(H75-H72)/H72 -> -0.013082584 | J75: 1.0994 | K75: =(J75-J72)/J72 -> -0.00090876045 | L75: 1.1077 | M75: =(L75-L72)/L72 -> -0.0028805473 | N75: 1.0824 | O75: =(N75-N72)/N72 -> 9.2395824e-05
A76: 75 | B76: 30000 | C76: duration / val/train | D76: 4346 | E76: =D78/D77 -> 1.4347713 | F76: 5634 | G76: =F78/F77 -> 1.8022553 | H76: 5975 | I76: =H78/H77 -> 1.7098631 | J76: 4578 | K76: =J78/J77 -> 1.5389136 | L76: 5597 | M76: =L78/L77 -> 1.978088 | N76: 6020 | O76: =N78/N77 -> 1.8489503
A77: 76 | C77: train loss / train diff % | D77: 0.7696 | E77: =(D77-D74)/D74 -> 0.00025994281 | F77: 0.6119 | G77: =(F77-F74)/F74 -> -0.025947151 | H77: 0.6428 | I77: =(H77-H74)/H74 -> -0.0095531587 | J77: 0.6977 | K77: =(J77-J74)/J74 -> 0.003740469 | L77: 0.5659 | M77: =(L77-L74)/L74 -> -0.01479805 | N77: 0.5859 | O77: =(N77-N74)/N74 -> -0.0077900085
A78: 77 | C78: val loss / val diff % | D78: 1.1042 | E78: =(D78-D75)/D75 -> -0.01507448 | F78: 1.1028 | G78: =(F78-F75)/F75 -> -0.011562248 | H78: 1.0991 | I78: =(H78-H75)/H75 -> 0.011783117 | J78: 1.0737 | K78: =(J78-J75)/J75 -> -0.023376387 | L78: 1.1194 | M78: =(L78-L75)/L75 -> 0.010562427 | N78: 1.0833 | O78: =(N78-N75)/N75 -> 0.00083148559
A79: 78 | B79: 32000 | C79: duration / val/train | D79: 4636 | E79: =D81/D80 -> 1.466702 | F79: 6012 | G79: =F81/F80 -> 1.8257045 | H79: 6363 | I79: =H81/H80 -> 1.722467 | J79: 4878 | K79: =J81/J80 -> 1.5586504 | L79: 5962 | M79: =L81/L80 -> 2.0151921 | N79: 6419 | O79: =N81/N80 -> 1.8755571
A80: 79 | C80: train loss / train diff % | D80: 0.7553 | E80: =(D80-D77)/D77 -> -0.018581081 | F80: 0.6139 | G80: =(F80-F77)/F77 -> 0.0032685079 | H80: 0.6356 | I80: =(H80-H77)/H77 -> -0.011200996 | J80: 0.6965 | K80: =(J80-J77)/J77 -> -0.0017199369 | L80: 0.5595 | M80: =(L80-L77)/L77 -> -0.011309419 | N80: 0.5834 | O80: =(N80-N77)/N77 -> -0.0042669398
A81: 80 | C81: val loss / val diff % | D81: 1.1078 | E81: =(D81-D78)/D78 -> 0.0032602789 | F81: 1.1208 | G81: =(F81-F78)/F78 -> 0.016322089 | H81: 1.0948 | I81: =(H81-H78)/H78 -> -0.0039122919 | J81: 1.0856 | K81: =(J81-J78)/J78 -> 0.01108317 | L81: 1.1275 | M81: =(L81-L78)/L78 -> 0.0072360193 | N81: 1.0942 | O81: =(N81-N78)/N78 -> 0.010061848
A82: 81 | B82: 34000 | C82: duration / val/train | D82: 4925 | E82: =D84/D83 -> 1.4903808 | F82: 6389 | G82: =F84/F83 -> 1.8208169 | H82: 6751 | I82: =H84/H83 -> 1.7340559 | J82: 5177 | K82: =J84/J83 -> 1.5758818 | L82: 6327 | M82: =L84/L83 -> 2.0581792 | N82: 6824 | O82: =N84/N83 -> 1.9212174
A83: 82 | C83: train loss / train diff % | D83: 0.7537 | E83: =(D83-D80)/D80 -> -0.0021183636 | F83: 0.6072 | G83: =(F83-F80)/F80 -> -0.01091383 | H83: 0.6366 | I83: =(H83-H80)/H80 -> 0.0015733166 | J83: 0.6833 | K83: =(J83-J80)/J80 -> -0.018951902 | L83: 0.5569 | M83: =(L83-L80)/L80 -> -0.0046470063 | N83: 0.575 | O83: =(N83-N80)/N80 -> -0.014398354
A84: 83 | C84: val loss / val diff % | D84: 1.1233 | E84: =(D84-D81)/D81 -> 0.013991695 | F84: 1.1056 | G84: =(F84-F81)/F81 -> -0.013561742 | H84: 1.1039 | I84: =(H84-H81)/H81 -> 0.0083120205 | J84: 1.0768 | K84: =(J84-J81)/J81 -> -0.0081061164 | L84: 1.1462 | M84: =(L84-L81)/L81 -> 0.016585366 | N84: 1.1047 | O84: =(N84-N81)/N81 -> 0.0095960519
A85: 84 | B85: 36000 | C85: duration / val/train | D85: 5215 | E85: =D87/D86 -> 1.4763806 | F85: 6755 | G85: =F87/F86 -> 1.8426186 | H85: 7139 | I85: =H87/H86 -> 1.7234345 | J85: 5470 | K85: =J87/J86 -> 1.5842531 | L85: 6692 | M85: =L87/L86 -> 2.0995655 | N85: 7221 | O85: =N87/N86 -> 1.96719
A86: 85 | C86: train loss / train diff % | D86: 0.7515 | E86: =(D86-D83)/D83 -> -0.0029189333 | F86: 0.6049 | G86: =(F86-F83)/F83 -> -0.0037878788 | H86: 0.6324 | I86: =(H86-H83)/H83 -> -0.0065975495 | J86: 0.6795 | K86: =(J86-J83)/J83 -> -0.0055612469 | L86: 0.5524 | M86: =(L86-L83)/L83 -> -0.0080804453 | N86: 0.5669 | O86: =(N86-N83)/N83 -> -0.014086957
A87: 86 | C87: val loss / val diff % | D87: 1.1095 | E87: =(D87-D84)/D84 -> -0.012285231 | F87: 1.1146 | G87: =(F87-F84)/F84 -> 0.0081403763 | H87: 1.0899 | I87: =(H87-H84)/H84 -> -0.012682308 | J87: 1.0765 | K87: =(J87-J84)/J84 -> -0.00027860327 | L87: 1.1598 | M87: =(L87-L84)/L84 -> 0.011865294 | N87: 1.1152 | O87: =(N87-N84)/N84 -> 0.0095048429
A88: 87 | B88: 38000 | C88: duration / val/train | D88: 5505 | E88: =D90/D89 -> 1.4916711 | F88: 7145 | G88: =F90/F89 -> 1.8651593 | H88: 7527 | I88: =H90/H89 -> 1.7378749 | J88: 5766 | K88: =J90/J89 -> 1.5909763 | L88: 7057 | M88: =L90/L89 -> 2.1176687 | N88: 7615 | O88: =N90/N89 -> 1.9533239
A89: 88 | C89: train loss / train diff % | D89: 0.7444 | E89: =(D89-D86)/D86 -> -0.0094477711 | F89: 0.6059 | G89: =(F89-F86)/F86 -> 0.0016531658 | H89: 0.6268 | I89: =(H89-H86)/H86 -> -0.008855155 | J89: 0.676 | K89: =(J89-J86)/J86 -> -0.0051508462 | L89: 0.5439 | M89: =(L89-L86)/L86 -> -0.0153874 | N89: 0.5656 | O89: =(N89-N86)/N86 -> -0.0022931734
A90: 89 | C90: val loss / val diff % | D90: 1.1104 | E90: =(D90-D87)/D87 -> 0.00081117621 | F90: 1.1301 | G90: =(F90-F87)/F87 -> 0.013906334 | H90: 1.0893 | I90: =(H90-H87)/H87 -> -0.00055050922 | J90: 1.0755 | K90: =(J90-J87)/J87 -> -0.00092893637 | L90: 1.1518 | M90: =(L90-L87)/L87 -> -0.006897741 | N90: 1.1048 | O90: =(N90-N87)/N87 -> -0.0093256815
A91: 90 | B91: 40000 | C91: duration / val/train | D91: 5794 | E91: =D93/D92 -> 1.5023697 | F91: 7542 | G91: =F93/F92 -> 1.8669778 | H91: 7916 | I91: =H93/H92 -> 1.7473298 | J91: 6063 | K91: =J93/J92 -> 1.6047378 | L91: 7421 | M91: =L93/L92 -> 2.1089273 | N91: 8012 | O91: =N93/N92 -> 2.0268798
A92: 91 | C92: train loss / train diff % | D92: 0.7385 | E92: =(D92-D89)/D89 -> -0.0079258463 | F92: 0.5999 | G92: =(F92-F89)/F89 -> -0.0099026242 | H92: 0.6273 | I92: =(H92-H89)/H89 -> 0.00079770262 | J92: 0.6712 | K92: =(J92-J89)/J89 -> -0.0071005917 | L92: 0.5444 | M92: =(L92-L89)/L89 -> 0.00091928663 | N92: 0.5506 | O92: =(N92-N89)/N89 -> -0.026520509
A93: 92 | C93: val loss / val diff % | D93: 1.1095 | E93: =(D93-D90)/D90 -> -0.00081051873 | F93: 1.12 | G93: =(F93-F90)/F90 -> -0.0089372622 | H93: 1.0961 | I93: =(H93-H90)/H90 -> 0.0062425411 | J93: 1.0771 | K93: =(J93-J90)/J90 -> 0.0014876801 | L93: 1.1481 | M93: =(L93-L90)/L90 -> -0.0032123633 | N93: 1.116 | O93: =(N93-N90)/N90 -> 0.010137581
A94: 93 | B94: 42000 | C94: duration / val/train | D94: 6084 | E94: =D96/D95 -> 1.510099 | F94: 7923 | G94: =F96/F95 -> 1.8862791 | H94: 8304 | I94: =H96/H95 -> 1.7285852 | J94: 6356 | K94: =J96/J95 -> 1.6384477 | L94: 7786 | M94: =L96/L95 -> 2.1322021 | N94: 8421 | O94: =N96/N95 -> 2.0547018
A95: 94 | C95: train loss / train diff % | D95: 0.7377 | E95: =(D95-D92)/D92 -> -0.0010832769 | F95: 0.5918 | G95: =(F95-F92)/F92 -> -0.01350225 | H95: 0.6234 | I95: =(H95-H92)/H92 -> -0.006217121 | J95: 0.6674 | K95: =(J95-J92)/J92 -> -0.0056615018 | L95: 0.5363 | M95: =(L95-L92)/L92 -> -0.014878766 | N95: 0.5466 | O95: =(N95-N92)/N92 -> -0.007264802
A96: 95 | C96: val loss / val diff % | D96: 1.114 | E96: =(D96-D93)/D93 -> 0.004055881 | F96: 1.1163 | G96: =(F96-F93)/F93 -> -0.0033035714 | H96: 1.0776 | I96: =(H96-H93)/H93 -> -0.016878022 | J96: 1.0935 | K96: =(J96-J93)/J93 -> 0.01522607 | L96: 1.1435 | M96: =(L96-L93)/L93 -> -0.0040066196 | N96: 1.1231 | O96: =(N96-N93)/N93 -> 0.0063620072
A97: 96 | B97: 44000 | C97: duration / val/train | D97: 6374 | E97: =D99/D98 -> 1.4928484 | F97: 8299 | G97: =F99/F98 -> 1.8874072 | H97: 8692 | I97: =H99/H98 -> 1.7658983 | J97: 6657 | K97: =J99/J98 -> 1.6423314 | L97: 8151 | M97: =L99/L98 -> 2.1700352 | N97: 8825 | O97: =N99/N98 -> 2.0430464
A98: 97 | C98: train loss / train diff % | D98: 0.7341 | E98: =(D98-D95)/D95 -> -0.0048800325 | F98: 0.5924 | G98: =(F98-F95)/F95 -> 0.001013856 | H98: 0.6117 | I98: =(H98-H95)/H95 -> -0.018768046 | J98: 0.6657 | K98: =(J98-J95)/J95 -> -0.0025471981 | L98: 0.5393 | M98: =(L98-L95)/L95 -> 0.005593884 | N98: 0.5436 | O98: =(N98-N95)/N95 -> -0.0054884742
A99: 98 | C99: val loss / val diff % | D99: 1.0959 | E99: =(D99-D96)/D96 -> -0.016247756 | F99: 1.1181 | G99: =(F99-F96)/F96 -> 0.0016124698 | H99: 1.0802 | I99: =(H99-H96)/H96 -> 0.0024127691 | J99: 1.0933 | K99: =(J99-J96)/J96 -> -0.00018289895 | L99: 1.1703 | M99: =(L99-L96)/L96 -> 0.023436817 | N99: 1.1106 | O99: =(N99-N96)/N96 -> -0.011129908
A100: 99 | B100: 46000 | C100: duration / val/train | D100: 6664 | E100: =D102/D101 -> 1.5089433 | F100: 8675 | G100: =F102/F101 -> 1.8763251 | H100: 9087 | I100: =H102/H101 -> 1.7821247 | J100: 6973 | K100: =J102/J101 -> 1.6207524 | L100: 8516 | M100: =L102/L101 -> 2.1764156 | N100: 9224 | O100: =N102/N101 -> 2.0711914
...

Sheet Step3_checkponts
A1: № | B1: Checkpoints | D1: Params | E1: =E3&"/"&E4&"/"&E5&"/"&E6&"/"&TEXT(E7,"0.00")&"/"&E8 -> 12/128/4/2048/0.10/4 | F1: =F3&"/"&F4&"/"&F5&"/"&F6&"/"&TEXT(F7,"0.00")&"/"&F8 -> 10/192/6/2048/0.10/4 | G1: =G3&"/"&G4&"/"&G5&"/"&G6&"/"&TEXT(G7,"0.00")&"/"&G8 -> 8/256/8/2048/0.15/4
A2: 1 | D2: model size, M | E2: =($K$2*E4+E4*E6+E3*(12*E4^2+13*E4)+E4*$K$2)/1000000 -> 2.688768 | F2: =($K$2*F4+F4*F6+F3*(12*F4^2+13*F4)+F4*$K$2)/1000000 -> 4.912896 | G2: =($K$2*G4+G4*G6+G3*(12*G4^2+13*G4)+G4*$K$2)/1000000 -> 6.937088 | J2: vocab_size | K2: 185
A3: 2 | D3: n_layer | E3: 12 | F3: 10 | G3: 8
A4: 3 | D4: n_embd | E4: 128 | F4: 192 | G4: 256
A5: 4 | D5: n_head | E5: 4 | F5: 6 | G5: 8
A6: 5 | D6: block_size | E6: 2048 | F6: 2048 | G6: 2048
A7: 6 | D7: dropout | E7: 0.1 | F7: 0.1 | G7: 0.15
A8: 7 | D8: batch_size | E8: 4 | F8: 4 | G8: 4
A9: 8 | B9: val loss plateau | C9: Step 1 | D9: iterations | E9: 96000 | F9: 38000 | G9: 32000
A10: 9 | D10: duration | E10: 13934 | F10: 7151 | G10: 6441
A11: 10 | D11: train loss | E11: 0.6692 | F11: 0.6842 | G11: 0.6914
A12: 11 | D12: val loss | E12: 1.106 | F12: 1.0988 | G12: 1.0867
A13: 12 | C13: Step 2 zero | D13: iterations | E13: 38000 | F13: 10000 | G13: 14000
A14: 13 | D14: duration | E14: =5505+Step2!$D$30 -> 13664 | F14: =1820+Step2!$F$30 -> 12342 | G14: =2837+Step2!$H$30 -> 14252
A15: 14 | D15: train loss | E15: 0.7626 | F15: 0.6965 | G15: 0.7124
A16: 15 | D16: val loss | E16: 1.1131 | F16: 1.094 | G16: 1.0907
A17: 16 | D17: duration diff % | E17: =E14/E$10 -> 0.98062294 | F17: =F14/F$10 -> 1.7259125 | G17: =G14/G$10 -> 2.2126999
A18: 17 | C18: Step 2 normal | D18: iterations | E18: 22000 | F18: 4000 | G18: 12000
A19: 18 | D19: duration | E19: =3279+Step2!$J$30 -> 11974 | F19: =742+Step2!$L$30 -> 11226 | G19: =2378+Step2!$N$30 -> 11623
A20: 19 | D20: train loss | E20: 0.7393 | F20: 0.7058 | G20: 0.686
A21: 20 | D21: val loss | E21: 1.1101 | F21: 1.0869 | G21: 1.106
A22: 21 | D22: duration diff % | E22: =E19/E$10 -> 0.85933687 | F22: =F19/F$10 -> 1.5698504 | G22: =G19/G$10 -> 1.8045335
A23: 22 | C23: Step 3 zero | D23: iterations | E23: 30000 | F23: 8000 | G23: 8000
A24: 23 | D24: duration | E24: =4346+Step3!$D$30 -> 22622 | F24: =1464+Step3!$F$30 -> 19740 | G24: =1608+Step3!$H$30 -> 21172
A25: 24 | D25: train loss | E25: 0.7696 | F25: 0.7037 | G25: 0.7308
A26: 25 | D26: val loss | E26: 1.1042 | F26: 1.1133 | G26: 1.0936
A27: 26 | D27: duration diff % | E27: =E24/E$10 -> 1.6235108 | F27: =F24/F$10 -> 2.7604531 | G27: =G24/G$10 -> 3.2870672
A28: 27 | C28: Step 3 normal | D28: iterations | E28: 12000 | F28: 10000 | G28: 18000
A29: 28 | D29: duration | E29: =1787+Step3!$J$30 -> 21446 | F29: =1899+Step3!$L$30 -> 19269 | G29: =3592+Step3!$N$30 -> 18015
A30: 29 | D30: train loss | E30: 0.7648 | F30: 0.643 | G30: 0.6391
A31: 30 | D31: val loss | E31: 1.1138 | F31: 1.1061 | G31: 1.0983
A32: 31 | D32: duration diff % | E32: =E29/E$10 -> 1.539113 | F32: =F29/F$10 -> 2.6945882 | G32: =G29/G$10 -> 2.7969259
A33: 32 | B33: min val loss | C33: Step 1 | D33: iterations | E33: 232000 | F33: 76000 | G33: 56000
A34: 33 | D34: duration | E34: 34159 | F34: 14321 | G34: 11109
A35: 34 | D35: train loss | E35: 0.6136 | F35: 0.6078 | G35: 0.6195
A36: 35 | D36: val loss | E36: 1.0808 | F36: 1.0877 | G36: 1.0731
A37: 36 | C37: Step 2 zero | D37: iterations | E37: 220000 | F37: 4000 | G37: 30000
A38: 37 | D38: duration | E38: =32470+Step2!$D$30 -> 40629 | F38: =728+Step2!$F$30 -> 11250 | G38: =5950+Step2!$H$30 -> 17365
A39: 38 | D39: train loss | E39: 0.6302 | F39: 0.73 | G39: 0.6506
A40: 39 | D40: val loss | E40: 1.0527 | F40: 1.0813 | G40: 1.0658
A41: 40 | D41: val loss diff % | E41: =E40/E$36 -> 0.97400074 | F41: =F40/F$36 -> 0.99411602 | G41: =G40/G$36 -> 0.99319728
A42: 41 | C42: Step 2 normal | D42: iterations | E42: =94000 -> 94000 | F42: 14000 | G42: 30000
A43: 42 | D43: duration | E43: =14011+Step2!$J$30 -> 22706 | F43: =2579+Step2!$L$30 -> 13063 | G43: =6034+Step2!$N$30 -> 15279
A44: 43 | D44: train loss | E44: 0.6133 | F44: 0.6372 | G44: 0.587
A45: 44 | D45: val loss | E45: 1.0902 | F45: 1.0671 | G45: 1.0862
A46: 45 | D46: val loss diff % | E46: =E45/E$36 -> 1.0086973 | F46: =F45/F$36 -> 0.98106095 | G46: =G45/G$36 -> 1.0122076
A47: 46 | C47: Step 3 zero | D47: iterations | E47: 90000 | F47: 30000 | G47: 22000
A48: 47 | D48: duration | E48: =13110+Step3!$D$30 -> 31386 | F48: =5634+Step3!$F$30 -> 23910 | G48: =4419+Step3!$H$30 -> 23983
A49: 48 | D49: train loss | E49: 0.6828 | F49: 0.6119 | G49: 0.6675
A50: 49 | D50: val loss | E50: 1.0701 | F50: 1.1028 | G50: 1.0771
A51: 50 | D51: val loss diff % | E51: =E50/E$36 -> 0.99009993 | F51: =F50/F$36 -> 1.0138825 | G51: =G50/G$36 -> 1.0037275
A52: 51 | C52: Step 3 normal | D52: iterations | E52: 90000 | F52: 24000 | G52: 28000
A53: 52 | D53: duration | E53: =13438+Step3!$J$30 -> 33097 | F53: =4502+Step3!$L$30 -> 21872 | G53: =5621+Step3!$N$30 -> 20044
A54: 53 | D54: train loss | E54: 0.6183 | F54: 0.5859 | G54: 0.5905
A55: 54 | D55: val loss | E55: 1.062 | F55: 1.1022 | G55: 1.0824
A56: 55 | D56: val loss diff % | E56: =E55/E$36 -> 0.98260548 | F56: =F55/F$36 -> 1.0133309 | G56: =G55/G$36 -> 1.0086665
A57: 56 | B57: min train loss | C57: Step 1 | D57: iterations | E57: 252000 | F57: 180000 | G57: 196000
A58: 57 | D58: duration | E58: 37172 | F58: 33606 | G58: 39193
A59: 58 | D59: train loss | E59: 0.6035 | F59: 0.5224 | G59: 0.5035
A60: 59 | D60: val loss | E60: 1.1132 | F60: 1.1467 | G60: 1.1503
A61: 60 | C61: Step 2 zero | D61: iterations | E61: 216000 | F61: 124000 | G61: 142000
A62: 61 | D62: duration | E62: =31891+Step2!$D$30 -> 40050 | F62: =23256+Step2!$F$30 -> 33778 | G62: =28126+Step2!$H$30 -> 39541
A63: 62 | D63: train loss | E63: 0.6232 | F63: 0.5339 | G63: 0.534
A64: 63 | D64: val loss | E64: 1.0681 | F64: 1.1299 | G64: 1.1196
A65: 64 | D65: duration diff % | E65: =E62/E$58 -> 1.0774239 | F65: =F62/F$58 -> 1.0051181 | G65: =G62/G$58 -> 1.0088791
A66: 65 | D66: train loss diff % | E66: =E63/E$59 -> 1.0326429 | F66: =F63/F$59 -> 1.0220138 | G66: =G63/G$59 -> 1.060576
A67: 66 | C67: Step 2 normal | D67: iterations | E67: 150000 | F67: 106000 | G67: 78000
A68: 67 | D68: duration | E68: =22446+Step2!$J$30 -> 31141 | F68: =19694+Step2!$L$30 -> 30178 | G68: =15707+Step2!$N$30 -> 24952
A69: 68 | D69: train loss | E69: 0.5813 | F69: 0.4744 | G69: 0.4907
A70: 69 | D70: val loss | E70: 1.105 | F70: 1.153 | G70: 1.1546
A71: 70 | D71: duration diff % | E71: =E68/E$58 -> 0.83775422 | F71: =F68/F$58 -> 0.89799441 | G71: =G68/G$58 -> 0.6366443
A72: 71 | D72: train loss diff % | E72: =E69/E$59 -> 0.96321458 | F72: =F69/F$59 -> 0.90811639 | G72: =G69/G$59 -> 0.97457795
A73: 72 | C73: Step 3 zero | D73: iterations | E73: 176000 | F73: 140000 | G73: 144000
A74: 73 | D74: duration | E74: =25831+Step3!$D$30 -> 44107 | F74: =25867+Step3!$F$30 -> 44143 | G74: =28369+Step3!$H$30 -> 47933
A75: 74 | D75: train loss | E75: 0.6348 | F75: 0.5229 | G75: 0.5285
A76: 75 | D76: val loss | E76: 1.0765 | F76: 1.1387 | G76: 1.1037
A77: 76 | D77: duration diff % | E77: =E74/E$58 -> 1.1865652 | F77: =F74/F$58 -> 1.3135452 | G77: =G74/G$58 -> 1.222999
A78: 77 | D78: train loss diff % | E78: =E75/E$59 -> 1.0518641 | F78: =F75/F$59 -> 1.0009571 | G78: =G75/G$59 -> 1.0496524
A79: 78 | C79: Step 3 normal | D79: iterations | E79: 112000 | F79: 50000 | G79: 80000
A80: 79 | D80: duration | E80: =21239+Step3!$J$30 -> 40898 | F80: =9246+Step3!$L$30 -> 26616 | G80: =15926+Step3!$N$30 -> 30349
A81: 80 | D81: train loss | E81: 0.5813 | F81: 0.5216 | G81: 0.4792
A82: 81 | D82: val loss | E82: 1.087 | F82: 1.1717 | G82: 1.151
A83: 82 | D83: duration diff % | E83: =E80/E$58 -> 1.1002367 | F83: =F80/F$58 -> 0.79200143 | G83: =G80/G$58 -> 0.77434746
A84: 83 | D84: train loss diff % | E84: =E81/E$59 -> 0.96321458 | F84: =F81/F$59 -> 0.99846861 | G84: =G81/G$59 -> 0.95173784

Sheet Step4_Models_plan
A1: № | B1: Stage/Params | C1: =C3&"/"&C4&"/"&C5&"/"&C6&"/"&TEXT(C7,"0.00")&"/"&C8 -> 12/128/4/2048/0.10/4 | D1: =D3&"/"&D4&"/"&D5&"/"&D6&"/"&TEXT(D7,"0.00")&"/"&D8 -> 10/192/6/2048/0.10/4 | E1: =E3&"/"&E4&"/"&E5&"/"&E6&"/"&TEXT(E7,"0.00")&"/"&E8 -> 8/256/8/2048/0.15/4
A2: 1 | B2: model size, M | C2: =($I$2*C4+C4*C6+C3*(12*C4^2+13*C4)+C4*$I$2)/1000000 -> 2.688768 | D2: =($I$2*D4+D4*D6+D3*(12*D4^2+13*D4)+D4*$I$2)/1000000 -> 4.912896 | E2: =($I$2*E4+E4*E6+E3*(12*E4^2+13*E4)+E4*$I$2)/1000000 -> 6.937088 | H2: vocab_size | I2: 185
A3: 2 | B3: n_layer | C3: 12 | D3: 10 | E3: 8
A4: 3 | B4: n_embd | C4: 128 | D4: 192 | E4: 256
A5: 4 | B5: n_head | C5: 4 | D5: 6 | E5: 8
A6: 5 | B6: block_size | C6: 2048 | D6: 2048 | E6: 2048
A7: 6 | B7: dropout | C7: 0.1 | D7: 0.1 | E7: 0.15
A8: 7 | B8: batch_size | C8: 4 | D8: 4 | E8: 4
A9: 8 | B9: Start stage 1 | C9: =K9&"/"&L9&"/"&M9&"/"&N9&"/"&TEXT(O9,"0.00")&"/"&P9 -> 1/32/1/32/0.00/64 | D9: =S9&"/"&T9&"/"&U9&"/"&V9&"/"&TEXT(W9,"0.00")&"/"&X9 -> 1/32/1/32/0.00/64 | E9: =AA9&"/"&AB9&"/"&AC9&"/"&AD9&"/"&TEXT(AE9,"0.00")&"/"&AF9 -> 1/32/1/32/0.00/64 | J9: =(Step1_with_dropout!$P$2*L9+L9*N9+K9*(12*L9^2+13*L9)+L9*Step1_with_dropout!$P$2)/1000000 -> 0.025568 | K9: 1 | L9: 32 | M9: 1 | N9: 32 | O9: 0 | P9: 64 | R9: =(Step1_with_dropout!$P$2*T9+T9*V9+S9*(12*T9^2+13*T9)+T9*Step1_with_dropout!$P$2)/1000000 -> 0.025568 | S9: 1 | T9: 32 | U9: 1 | V9: 32 | W9: 0 | X9: 64 | Z9: =(Step1_with_dropout!$P$2*AB9+AB9*AD9+AA9*(12*AB9^2+13*AB9)+AB9*Step1_with_dropout!$P$2)/1000000 -> 0.025568 | AA9: 1 | AB9: 32 | AC9: 1 | AD9: 32 | AE9: 0 | AF9: 64
A10: 9 | B10: Stage 2 | C10: =K10&"/"&L10&"/"&M10&"/"&N10&"/"&TEXT(O10,"0.00")&"/"&P10 -> 2/32/1/64/0.00/64 | D10: =S10&"/"&T10&"/"&U10&"/"&V10&"/"&TEXT(W10,"0.00")&"/"&X10 -> 2/64/2/64/0.00/64 | E10: =AA10&"/"&AB10&"/"&AC10&"/"&AD10&"/"&TEXT(AE10,"0.00")&"/"&AF10 -> 2/64/2/64/0.00/64 | J10: =(Step1_with_dropout!$P$2*L10+L10*N10+K10*(12*L10^2+13*L10)+L10*Step1_with_dropout!$P$2)/1000000 -> 0.039296 | K10: 2 | L10: 32 | M10: 1 | N10: 64 | O10: 0 | P10: 64 | R10: =(Step1_with_dropout!$P$2*T10+T10*V10+S10*(12*T10^2+13*T10)+T10*Step1_with_dropout!$P$2)/1000000 -> 0.127744 | S10: 2 | T10: 64 | U10: 2 | V10: 64 | W10: 0 | X10: 64 | Z10: =(Step1_with_dropout!$P$2*AB10+AB10*AD10+AA10*(12*AB10^2+13*AB10)+AB10*Step1_with_dropout!$P$2)/1000000 -> 0.127744 | AA10: 2 | AB10: 64 | AC10: 2 | AD10: 64 | AE10: 0 | AF10: 64
A11: 10 | B11: Stage 3 | C11: =K11&"/"&L11&"/"&M11&"/"&N11&"/"&TEXT(O11,"0.00")&"/"&P11 -> 3/64/2/128/0.00/64 | D11: =S11&"/"&T11&"/"&U11&"/"&V11&"/"&TEXT(W11,"0.00")&"/"&X11 -> 3/96/3/128/0.05/64 | E11: =AA11&"/"&AB11&"/"&AC11&"/"&AD11&"/"&TEXT(AE11,"0.00")&"/"&AF11 -> 3/96/3/128/0.05/64 | J11: =(Step1_with_dropout!$P$2*L11+L11*N11+K11*(12*L11^2+13*L11)+L11*Step1_with_dropout!$P$2)/1000000 -> 0.181824 | K11: 3 | L11: 64 | M11: 2 | N11: 128 | O11: 0 | P11: 64 | R11: =(Step1_with_dropout!$P$2*T11+T11*V11+S11*(12*T11^2+13*T11)+T11*Step1_with_dropout!$P$2)/1000000 -> 0.383328 | S11: 3 | T11: 96 | U11: 3 | V11: 128 | W11: 0.05 | X11: 64 | Z11: =(Step1_with_dropout!$P$2*AB11+AB11*AD11+AA11*(12*AB11^2+13*AB11)+AB11*Step1_with_dropout!$P$2)/1000000 -> 0.383328 | AA11: 3 | AB11: 96 | AC11: 3 | AD11: 128 | AE11: 0.05 | AF11: 64
A12: 11 | B12: Stage 4 | C12: =K12&"/"&L12&"/"&M12&"/"&N12&"/"&TEXT(O12,"0.00")&"/"&P12 -> 4/64/2/256/0.00/64 | D12: =S12&"/"&T12&"/"&U12&"/"&V12&"/"&TEXT(W12,"0.00")&"/"&X12 -> 4/96/3/256/0.05/64 | E12: =AA12&"/"&AB12&"/"&AC12&"/"&AD12&"/"&TEXT(AE12,"0.00")&"/"&AF12 -> 4/128/4/256/0.05/64 | J12: =(Step1_with_dropout!$P$2*L12+L12*N12+K12*(12*L12^2+13*L12)+L12*Step1_with_dropout!$P$2)/1000000 -> 0.24 | K12: 4 | L12: 64 | M12: 2 | N12: 256 | O12: 0 | P12: 64 | R12: =(Step1_with_dropout!$P$2*T12+T12*V12+S12*(12*T12^2+13*T12)+T12*Step1_with_dropout!$P$2)/1000000 -> 0.507456 | S12: 4 | T12: 96 | U12: 3 | V12: 256 | W12: 0.05 | X12: 64 | Z12: =(Step1_with_dropout!$P$2*AB12+AB12*AD12+AA12*(12*AB12^2+13*AB12)+AB12*Step1_with_dropout!$P$2)/1000000 -> 0.873216 | AA12: 4 | AB12: 128 | AC12: 4 | AD12: 256 | AE12: 0.05 | AF12: 64
A13: 12 | B13: Stage 5 | C13: =K13&"/"&L13&"/"&M13&"/"&N13&"/"&TEXT(O13,"0.00")&"/"&P13 -> 5/64/2/512/0.05/64 | D13: =S13&"/"&T13&"/"&U13&"/"&V13&"/"&TEXT(W13,"0.00")&"/"&X13 -> 5/128/4/512/0.05/64 | E13: =AA13&"/"&AB13&"/"&AC13&"/"&AD13&"/"&TEXT(AE13,"0.00")&"/"&AF13 -> 5/160/5/512/0.10/32 | J13: =(Step1_with_dropout!$P$2*L13+L13*N13+K13*(12*L13^2+13*L13)+L13*Step1_with_dropout!$P$2)/1000000 -> 0.306368 | K13: 5 | L13: 64 | M13: 2 | N13: 512 | O13: 0.05 | P13: 64 | R13: =(Step1_with_dropout!$P$2*T13+T13*V13+S13*(12*T13^2+13*T13)+T13*Step1_with_dropout!$P$2)/1000000 -> 1.104256 | S13: 5 | T13: 128 | U13: 4 | V13: 512 | W13: 0.05 | X13: 64 | Z13: =(Step1_with_dropout!$P$2*AB13+AB13*AD13+AA13*(12*AB13^2+13*AB13)+AB13*Step1_with_dropout!$P$2)/1000000 -> 1.68752 | AA13: 5 | AB13: 160 | AC13: 5 | AD13: 512 | AE13: 0.1 | AF13: 32 | AH13: !
A14: 13 | B14: Stage 6 | C14: =K14&"/"&L14&"/"&M14&"/"&N14&"/"&TEXT(O14,"0.00")&"/"&P14 -> 6/96/3/512/0.05/64 | D14: =S14&"/"&T14&"/"&U14&"/"&V14&"/"&TEXT(W14,"0.00")&"/"&X14 -> 6/128/4/1024/0.05/32 | E14: =AA14&"/"&AB14&"/"&AC14&"/"&AD14&"/"&TEXT(AE14,"0.00")&"/"&AF14 -> 6/192/6/1024/0.10/16 | J14: =(Step1_with_dropout!$P$2*L14+L14*N14+K14*(12*L14^2+13*L14)+L14*Step1_with_dropout!$P$2)/1000000 -> 0.755712 | K14: 6 | L14: 96 | M14: 3 | N14: 512 | O14: 0.05 | P14: 64 | R14: =(Step1_with_dropout!$P$2*T14+T14*V14+S14*(12*T14^2+13*T14)+T14*Step1_with_dropout!$P$2)/1000000 -> 1.368064 | S14: 6 | T14: 128 | U14: 4 | V14: 1024 | W14: 0.05 | X14: 32 | Z14: =(Step1_with_dropout!$P$2*AB14+AB14*AD14+AA14*(12*AB14^2+13*AB14)+AB14*Step1_with_dropout!$P$2)/1000000 -> 2.936832 | AA14: 6 | AB14: 192 | AC14: 6 | AD14: 1024 | AE14: 0.1 | AF14: 16
A15: 14 | B15: Stage 7 | C15: =K15&"/"&L15&"/"&M15&"/"&N15&"/"&TEXT(O15,"0.00")&"/"&P15 -> 7/96/3/1024/0.05/32 | D15: =S15&"/"&T15&"/"&U15&"/"&V15&"/"&TEXT(W15,"0.00")&"/"&X15 -> 7/160/5/1536/0.10/8 | E15: =AA15&"/"&AB15&"/"&AC15&"/"&AD15&"/"&TEXT(AE15,"0.00")&"/"&AF15 -> 7/224/7/1536/0.15/8 | J15: =(Step1_with_dropout!$P$2*L15+L15*N15+K15*(12*L15^2+13*L15)+L15*Step1_with_dropout!$P$2)/1000000 -> 0.916704 | K15: 7 | L15: 96 | M15: 3 | N15: 1024 | O15: 0.05 | P15: 32 | R15: =(Step1_with_dropout!$P$2*T15+T15*V15+S15*(12*T15^2+13*T15)+T15*Step1_with_dropout!$P$2)/1000000 -> 2.46992 | S15: 7 | T15: 160 | U15: 5 | V15: 1536 | W15: 0.1 | X15: 8 | Z15: =(Step1_with_dropout!$P$2*AB15+AB15*AD15+AA15*(12*AB15^2+13*AB15)+AB15*Step1_with_dropout!$P$2)/1000000 -> 4.662112 | AA15: 7 | AB15: 224 | AC15: 7 | AD15: 1536 | AE15: 0.15 | AF15: 8 | AH15: !
A16: 15 | B16: Stage 8 | C16: =K16&"/"&L16&"/"&M16&"/"&N16&"/"&TEXT(O16,"0.00")&"/"&P16 -> 8/96/3/1024/0.05/32 | D16: =S16&"/"&T16&"/"&U16&"/"&V16&"/"&TEXT(W16,"0.00")&"/"&X16 -> 8/160/5/1536/0.10/8 | E16: =AA16&"/"&AB16&"/"&AC16&"/"&AD16&"/"&TEXT(AE16,"0.00")&"/"&AF16 -> 8/256/8/2048/0.15/4 | J16: =(Step1_with_dropout!$P$2*L16+L16*N16+K16*(12*L16^2+13*L16)+L16*Step1_with_dropout!$P$2)/1000000 -> 1.028544 | K16: 8 | L16: 96 | M16: 3 | N16: 1024 | O16: 0.05 | P16: 32 | R16: =(Step1_with_dropout!$P$2*T16+T16*V16+S16*(12*T16^2+13*T16)+T16*Step1_with_dropout!$P$2)/1000000 -> 2.7792 | S16: 8 | T16: 160 | U16: 5 | V16: 1536 | W16: 0.1 | X16: 8 | Z16: =(Step1_with_dropout!$P$2*AB16+AB16*AD16+AA16*(12*AB16^2+13*AB16)+AB16*Step1_with_dropout!$P$2)/1000000 -> 6.937088 | AA16: 8 | AB16: 256 | AC16: 8 | AD16: 2048 | AE16: 0.15 | AF16: 4
A17: 16 | B17: Stage 9 | C17: =K17&"/"&L17&"/"&M17&"/"&N17&"/"&TEXT(O17,"0.00")&"/"&P17 -> 9/96/3/1536/0.05/16 | D17: =S17&"/"&T17&"/"&U17&"/"&V17&"/"&TEXT(W17,"0.00")&"/"&X17 -> 9/192/6/2048/0.10/4 | J17: =(Step1_with_dropout!$P$2*L17+L17*N17+K17*(12*L17^2+13*L17)+L17*Step1_with_dropout!$P$2)/1000000 -> 1.189536 | K17: 9 | L17: 96 | M17: 3 | N17: 1536 | O17: 0.05 | P17: 16 | R17: =(Step1_with_dropout!$P$2*T17+T17*V17+S17*(12*T17^2+13*T17)+T17*Step1_with_dropout!$P$2)/1000000 -> 4.468032 | S17: 9 | T17: 192 | U17: 6 | V17: 2048 | W17: 0.1 | X17: 4
A18: 17 | B18: Stage 10 | C18: =K18&"/"&L18&"/"&M18&"/"&N18&"/"&TEXT(O18,"0.00")&"/"&P18 -> 10/128/4/1536/0.10/8 | D18: =S18&"/"&T18&"/"&U18&"/"&V18&"/"&TEXT(W18,"0.00")&"/"&X18 -> 10/192/6/2048/0.10/4 | J18: =(Step1_with_dropout!$P$2*L18+L18*N18+K18*(12*L18^2+13*L18)+L18*Step1_with_dropout!$P$2)/1000000 -> 2.226688 | K18: 10 | L18: 128 | M18: 4 | N18: 1536 | O18: 0.1 | P18: 8 | R18: =(Step1_with_dropout!$P$2*T18+T18*V18+S18*(12*T18^2+13*T18)+T18*Step1_with_dropout!$P$2)/1000000 -> 4.912896 | S18: 10 | T18: 192 | U18: 6 | V18: 2048 | W18: 0.1 | X18: 4
A19: 18 | B19: Stage 11 | C19: =K19&"/"&L19&"/"&M19&"/"&N19&"/"&TEXT(O19,"0.00")&"/"&P19 -> 11/128/4/2048/0.10/4 | J19: =(Step1_with_dropout!$P$2*L19+L19*N19+K19*(12*L19^2+13*L19)+L19*Step1_with_dropout!$P$2)/1000000 -> 2.490496 | K19: 11 | L19: 128 | M19: 4 | N19: 2048 | O19: 0.1 | P19: 4
A20: 19 | B20: Stage 12 | C20: =K20&"/"&L20&"/"&M20&"/"&N20&"/"&TEXT(O20,"0.00")&"/"&P20 -> 12/128/4/2048/0.10/4 | J20: =(Step1_with_dropout!$P$2*L20+L20*N20+K20*(12*L20^2+13*L20)+L20*Step1_with_dropout!$P$2)/1000000 -> 2.688768 | K20: 12 | L20: 128 | M20: 4 | N20: 2048 | O20: 0.1 | P20: 4

Sheet Step4
A1: № | B1: iterations | C1: Params | D1: =D3&"/"&D4&"/"&D5&"/"&D6&"/"&TEXT(D7,"0.00")&"/"&D8 -> 12/128/4/2048/0.10/4 | F1: =F3&"/"&F4&"/"&F5&"/"&F6&"/"&TEXT(F7,"0.00")&"/"&F8 -> 10/192/6/2048/0.10/4 | H1: =H3&"/"&H4&"/"&H5&"/"&H6&"/"&TEXT(H7,"0.00")&"/"&H8 -> 8/256/8/2048/0.15/4 | J1: =J3&"/"&J4&"/"&J5&"/"&J6&"/"&TEXT(J7,"0.00")&"/"&J8 -> 12/128/4/2048/0.10/4 | L1: =L3&"/"&L4&"/"&L5&"/"&L6&"/"&TEXT(L7,"0.00")&"/"&L8 -> 10/192/6/2048/0.10/4 | N1: =N3&"/"&N4&"/"&N5&"/"&N6&"/"&TEXT(N7,"0.00")&"/"&N8 -> 8/256/8/2048/0.15/4
A2: 1 | C2: model size, M | D2: =($R$2*D4+D4*D6+D3*(12*D4^2+13*D4)+D4*$R$2)/1000000 -> 2.688768 | F2: =($R$2*F4+F4*F6+F3*(12*F4^2+13*F4)+F4*$R$2)/1000000 -> 4.912896 | H2: =($R$2*H4+H4*H6+H3*(12*H4^2+13*H4)+H4*$R$2)/1000000 -> 6.937088 | J2: =($R$2*J4+J4*J6+J3*(12*J4^2+13*J4)+J4*$R$2)/1000000 -> 2.688768 | L2: =($R$2*L4+L4*L6+L3*(12*L4^2+13*L4)+L4*$R$2)/1000000 -> 4.912896 | N2: =($R$2*N4+N4*N6+N3*(12*N4^2+13*N4)+N4*$R$2)/1000000 -> 6.937088 | Q2: vocab_size | R2: 185
A3: 2 | C3: n_layer | D3: 12 | F3: 10 | H3: 8 | J3: 12 | L3: 10 | N3: 8
A4: 3 | C4: n_embd | D4: 128 | F4: 192 | H4: 256 | J4: 128 | L4: 192 | N4: 256
A5: 4 | C5: n_head | D5: 4 | F5: 6 | H5: 8 | J5: 4 | L5: 6 | N5: 8
A6: 5 | C6: block_size | D6: 2048 | F6: 2048 | H6: 2048 | J6: 2048 | L6: 2048 | N6: 2048
A7: 6 | C7: dropout | D7: 0.1 | F7: 0.1 | H7: 0.15 | J7: 0.1 | L7: 0.1 | N7: 0.15
A8: 7 | C8: batch_size | D8: 4 | F8: 4 | H8: 4 | J8: 4 | L8: 4 | N8: 4
A9: 8 | C9: zero_new_weights | D9: True | F9: True | H9: True | J9: False | L9: False | N9: False
A10: 9 | B10: Stage 1 | C10: model | D10: =Step4_Models_plan!C9&"/"&D11/1000&"k" -> 1/32/1/32/0.00/64/200k | F10: =Step4_Models_plan!D9&"/"&F11/1000&"k" -> 1/32/1/32/0.00/64/200k | H10: =Step4_Models_plan!E9&"/"&H11/1000&"k" -> 1/32/1/32/0.00/64/200k | J10: =Step4_Models_plan!C9&"/"&J11/1000&"k" -> 1/32/1/32/0.00/64/200k | L10: =Step4_Models_plan!D9&"/"&L11/1000&"k" -> 1/32/1/32/0.00/64/200k | N10: =Step4_Models_plan!E9&"/"&N11/1000&"k" -> 1/32/1/32/0.00/64/200k
A11: 10 | C11: iterations | D11: 200000 | F11: 200000 | H11: 200000 | J11: 200000 | L11: 200000 | N11: 200000
A12: 11 | C12: duration / val/train | D12: 642 | E12: =D14/D13 -> 1.20613 | F12: 629 | G12: =F14/F13 -> 1.20613 | H12: 634 | I12: =H14/H13 -> 1.20613 | J12: 637 | K12: =J14/J13 -> 1.20613 | L12: 634 | M12: =L14/L13 -> 1.20613 | N12: 655 | O12: =N14/N13 -> 1.20613
A13: 12 | C13: train loss | D13: 1.6868 | F13: 1.6868 | H13: 1.6868 | J13: 1.6868 | L13: 1.6868 | N13: 1.6868
A14: 13 | C14: val loss | D14: 2.0345 | F14: 2.0345 | H14: 2.0345 | J14: 2.0345 | L14: 2.0345 | N14: 2.0345
A15: 14 | B15: Stage 2 | C15: model | D15: =Step4_Models_plan!C10&"/"&D16/1000&"k" -> 2/32/1/64/0.00/64/105k | F15: =Step4_Models_plan!D10&"/"&F16/1000&"k" -> 2/64/2/64/0.00/64/65k | H15: =Step4_Models_plan!E10&"/"&H16/1000&"k" -> 2/64/2/64/0.00/64/65k | J15: =Step4_Models_plan!C10&"/"&J16/1000&"k" -> 2/32/1/64/0.00/64/105k | L15: =Step4_Models_plan!D10&"/"&L16/1000&"k" -> 2/64/2/64/0.00/64/65k | N15: =Step4_Models_plan!E10&"/"&N16/1000&"k" -> 2/64/2/64/0.00/64/65k
A16: 15 | C16: iterations | D16: 105000 | F16: 65000 | H16: 65000 | J16: 105000 | L16: 65000 | N16: 65000
A17: 16 | C17: duration / val/train | D17: 528 | E17: =D19/D18 -> 1.2782365 | F17: 345 | G17: =F19/F18 -> 1.3266945 | H17: 341 | I17: =H19/H18 -> 1.3266945 | J17: 533 | K17: =J19/J18 -> 1.2753147 | L17: 347 | M17: =L19/L18 -> 1.3518474 | N17: 348 | O17: =N19/N18 -> 1.3518474
A18: 17 | C18: train loss | D18: 1.4653 | E18: =(D18-D13)/D13 -> -0.13131373 | F18: 1.2954 | G18: =(F18-F13)/F13 -> -0.23203699 | H18: 1.2954 | I18: =(H18-H13)/H13 -> -0.23203699 | J18: 1.4616 | K18: =(J18-J13)/J13 -> -0.13350723 | L18: 1.2531 | M18: =(L18-L13)/L13 -> -0.25711406 | N18: 1.2531 | O18: =(N18-N13)/N13 -> -0.25711406
A19: 18 | C19: val loss | D19: 1.873 | E19: =(D19-D14)/D14 -> -0.079380683 | F19: 1.7186 | G19: =(F19-F14)/F14 -> -0.15527157 | H19: 1.7186 | I19: =(H19-H14)/H14 -> -0.15527157 | J19: 1.864 | K19: =(J19-J14)/J14 -> -0.083804375 | L19: 1.694 | M19: =(L19-L14)/L14 -> -0.16736299 | N19: 1.694 | O19: =(N19-N14)/N14 -> -0.16736299
A20: 19 | B20: Stage 3 | C20: model | D20: =Step4_Models_plan!C11&"/"&D21/1000&"k" -> 3/64/2/128/0.00/64/45k | F20: =Step4_Models_plan!D11&"/"&F21/1000&"k" -> 3/96/3/128/0.05/64/85k | H20: =Step4_Models_plan!E11&"/"&H21/1000&"k" -> 3/96/3/128/0.05/64/85k | J20: =Step4_Models_plan!C11&"/"&J21/1000&"k" -> 3/64/2/128/0.00/64/45k | L20: =Step4_Models_plan!D11&"/"&L21/1000&"k" -> 3/96/3/128/0.05/64/105k | N20: =Step4_Models_plan!E11&"/"&N21/1000&"k" -> 3/96/3/128/0.05/64/105k
A21: 20 | C21: iterations | D21: 45000 | F21: 85000 | H21: 85000 | J21: 45000 | L21: 105000 | N21: 105000
A22: 21 | C22: duration / val/train | D22: 311 | E22: =D24/D23 -> 1.3814723 | F22: 618 | G22: =F24/F23 -> 1.4245711 | H22: 621 | I22: =H24/H23 -> 1.4245711 | J22: 314 | K22: =J24/J23 -> 1.4289964 | L22: 767 | M22: =L24/L23 -> 1.4712944 | N22: 767 | O22: =N24/N23 -> 1.4712944
A23: 22 | C23: train loss | D23: 1.209 | E23: =(D23-D18)/D18 -> -0.17491299 | F23: 1.1249 | G23: =(F23-F18)/F18 -> -0.13161958 | H23: 1.1249 | I23: =(H23-H18)/H18 -> -0.13161958 | J23: 1.1429 | K23: =(J23-J18)/J18 -> -0.21804871 | L23: 1.0329 | M23: =(L23-L18)/L18 -> -0.1757242 | N23: 1.0329 | O23: =(N23-N18)/N18 -> -0.1757242
A24: 23 | C24: val loss | D24: 1.6702 | E24: =(D24-D19)/D19 -> -0.10827549 | F24: 1.6025 | G24: =(F24-F19)/F19 -> -0.067554987 | H24: 1.6025 | I24: =(H24-H19)/H19 -> -0.067554987 | J24: 1.6332 | K24: =(J24-J19)/J19 -> -0.12381974 | L24: 1.5197 | M24: =(L24-L19)/L19 -> -0.10289256 | N24: 1.5197 | O24: =(N24-N19)/N19 -> -0.10289256
A25: 24 | B25: Stage 4 | C25: model | D25: =Step4_Models_plan!C12&"/"&D26/1000&"k" -> 4/64/2/256/0.00/64/95k | F25: =Step4_Models_plan!D12&"/"&F26/1000&"k" -> 4/96/3/256/0.05/64/65k | H25: =Step4_Models_plan!E12&"/"&H26/1000&"k" -> 4/128/4/256/0.05/64/65k | J25: =Step4_Models_plan!C12&"/"&J26/1000&"k" -> 4/64/2/256/0.00/64/135k | L25: =Step4_Models_plan!D12&"/"&L26/1000&"k" -> 4/96/3/256/0.05/64/85k | N25: =Step4_Models_plan!E12&"/"&N26/1000&"k" -> 4/128/4/256/0.05/64/65k
A26: 25 | C26: iterations | D26: 95000 | F26: 65000 | H26: 65000 | J26: 135000 | L26: 85000 | N26: 65000
A27: 26 | C27: duration | D27: 832 | E27: =D29/D28 -> 1.4349521 | F27: 954 | G27: =F29/F28 -> 1.4819026 | H27: 1216 | I27: =H29/H28 -> 1.5529006 | J27: 1215 | K27: =J29/J28 -> 1.5585117 | L27: 1249 | M27: =L29/L28 -> 1.5536328 | N27: 1237 | O27: =N29/N28 -> 1.6625289
A28: 27 | C28: train loss | D28: 1.1284 | E28: =(D28-D23)/D23 -> -0.066666667 | F28: 0.9587 | G28: =(F28-F23)/F23 -> -0.14774647 | H28: 0.8998 | I28: =(H28-H23)/H23 -> -0.20010668 | J28: 0.981 | K28: =(J28-J23)/J23 -> -0.14165719 | L28: 0.9015 | M28: =(L28-L23)/L23 -> -0.12721464 | N28: 0.8217 | O28: =(N28-N23)/N23 -> -0.20447284
A29: 28 | C29: val loss | D29: 1.6192 | E29: =(D29-D24)/D24 -> -0.030535265 | F29: 1.4207 | G29: =(F29-F24)/F24 -> -0.11344774 | H29: 1.3973 | I29: =(H29-H24)/H24 -> -0.12804992 | J29: 1.5289 | K29: =(J29-J24)/J24 -> -0.063862356 | L29: 1.4006 | M29: =(L29-L24)/L24 -> -0.078370731 | N29: 1.3661 | O29: =(N29-N24)/N24 -> -0.10107258
A30: 29 | B30: Stage 5 | C30: model | D30: =Step4_Models_plan!C13&"/"&D31/1000&"k" -> 5/64/2/512/0.05/64/80k | F30: =Step4_Models_plan!D13&"/"&F31/1000&"k" -> 5/128/4/512/0.05/64/60k | H30: =Step4_Models_plan!E13&"/"&H31/1000&"k" -> 5/160/5/512/0.10/32/55k | J30: =Step4_Models_plan!C13&"/"&J31/1000&"k" -> 5/64/2/512/0.05/64/115k | L30: =Step4_Models_plan!D13&"/"&L31/1000&"k" -> 5/128/4/512/0.05/64/75k | N30: =Step4_Models_plan!E13&"/"&N31/1000&"k" -> 5/160/5/512/0.10/32/85k
A31: 30 | C31: iterations | D31: 80000 | F31: 60000 | H31: 55000 | J31: 115000 | L31: 75000 | N31: 85000
A32: 31 | C32: duration / val/train | D32: 3053 | E32: =D34/D33 -> 1.375911 | F32: 4400 | G32: =F34/F33 -> 1.6217238 | H32: 2697 | I32: =H34/H33 -> 1.5569823 | J32: 4459 | K32: =J34/J33 -> 1.4539321 | L32: 5514 | M32: =L34/L33 -> 1.8069023 | N32: 4218 | O32: =N34/N33 -> 1.7939342
A33: 32 | C33: train loss | D33: 1.0154 | E33: =(D33-D28)/D28 -> -0.10014179 | F33: 0.7936 | G33: =(F33-F28)/F28 -> -0.17221237 | H33: 0.8099 | I33: =(H33-H28)/H28 -> -0.099911091 | J33: 0.9486 | K33: =(J33-J28)/J28 -> -0.033027523 | L33: 0.7157 | M33: =(L33-L28)/L28 -> -0.20610094 | N33: 0.7056 | O33: =(N33-N28)/N28 -> -0.14129244
A34: 33 | C34: val loss | D34: 1.3971 | E34: =(D34-D29)/D29 -> -0.1371665 | F34: 1.287 | G34: =(F34-F29)/F29 -> -0.094108538 | H34: 1.261 | I34: =(H34-H29)/H29 -> -0.097545266 | J34: 1.3792 | K34: =(J34-J29)/J29 -> -0.097913533 | L34: 1.2932 | M34: =(L34-L29)/L29 -> -0.076681422 | N34: 1.2658 | O34: =(N34-N29)/N29 -> -0.073420687
A35: 34 | B35: Stage 6 | C35: model | D35: =Step4_Models_plan!C14&"/"&D36/1000&"k" -> 6/96/3/512/0.05/64/55k | F35: =Step4_Models_plan!D14&"/"&F36/1000&"k" -> 6/128/4/1024/0.05/32/80k | H35: =Step4_Models_plan!E14&"/"&H36/1000&"k" -> 6/192/6/1024/0.10/16/70k | J35: =Step4_Models_plan!C14&"/"&J36/1000&"k" -> 6/96/3/512/0.05/64/85k | L35: =Step4_Models_plan!D14&"/"&L36/1000&"k" -> 6/128/4/1024/0.05/32/45k | N35: =Step4_Models_plan!E14&"/"&N36/1000&"k" -> 6/192/6/1024/0.10/16/90k
A36: 35 | C36: iterations | D36: 55000 | F36: 80000 | H36: 70000 | J36: 85000 | L36: 45000 | N36: 90000
A37: 36 | C37: duration | D37: 3871 | E37: =D39/D38 -> 1.4746639 | F37: 12427 | G37: =F39/F38 -> 1.6898994 | H37: 8328 | I37: =H39/H38 -> 1.7176886 | J37: 5760 | K37: =J39/J38 -> 1.7207231 | L37: 7003 | M37: =L39/L38 -> 1.8452219 | N37: 10956 | O37: =N39/N38 -> 2.0766649
A38: 37 | C38: train loss | D38: 0.8703 | E38: =(D38-D33)/D33 -> -0.14289935 | F38: 0.7059 | G38: =(F38-F33)/F33 -> -0.11050907 | H38: 0.6801 | I38: =(H38-H33)/H33 -> -0.1602667 | J38: 0.7634 | K38: =(J38-J33)/J33 -> -0.19523508 | L38: 0.6603 | M38: =(L38-L33)/L33 -> -0.077406735 | N38: 0.5661 | O38: =(N38-N33)/N33 -> -0.19770408
A39: 38 | C39: val loss | D39: 1.2834 | E39: =(D39-D34)/D34 -> -0.081382865 | F39: 1.1929 | G39: =(F39-F34)/F34 -> -0.073115773 | H39: 1.1682 | I39: =(H39-H34)/H34 -> -0.073592387 | J39: 1.3136 | K39: =(J39-J34)/J34 -> -0.047563805 | L39: 1.2184 | M39: =(L39-L34)/L34 -> -0.057841015 | N39: 1.1756 | O39: =(N39-N34)/N34 -> -0.071259283
A40: 39 | B40: Stage 7 | C40: model | D40: =Step4_Models_plan!C15&"/"&D41/1000&"k" -> 7/96/3/1024/0.05/32/65k | F40: =Step4_Models_plan!D15&"/"&F41/1000&"k" -> 7/160/5/1536/0.10/8/85k | H40: =Step4_Models_plan!E15&"/"&H41/1000&"k" -> 7/224/7/1536/0.15/8/50k | J40: =Step4_Models_plan!C15&"/"&J41/1000&"k" -> 7/96/3/1024/0.05/32/75k | L40: =Step4_Models_plan!D15&"/"&L41/1000&"k" -> 7/160/5/1536/0.10/8/60k | N40: =Step4_Models_plan!E15&"/"&N41/1000&"k" -> 7/224/7/1536/0.15/8/50k
A41: 40 | C41: iterations | D41: 65000 | F41: 85000 | H41: 50000 | J41: 75000 | L41: 60000 | N41: 50000
A42: 41 | C42: duration / val/train | D42: 8940 | E42: =D44/D43 -> 1.4993012 | F42: 11303 | G42: =F44/F43 -> 1.6437995 | H42: 8832 | I42: =H44/H43 -> 1.6914303 | J42: 10205 | K42: =J44/J43 -> 1.6847438 | L42: 7973 | M42: =L44/L43 -> 1.7765194 | N42: 9123 | O42: =N44/N43 -> 1.9994538
A43: 42 | C43: train loss | D43: 0.7871 | E43: =(D43-D38)/D38 -> -0.095599219 | F43: 0.6822 | G43: =(F43-F38)/F38 -> -0.033574161 | H43: 0.6488 | I43: =(H43-H38)/H38 -> -0.046022644 | J43: 0.7007 | K43: =(J43-J38)/J38 -> -0.082132565 | L43: 0.6269 | M43: =(L43-L38)/L38 -> -0.050583068 | N43: 0.5492 | O43: =(N43-N38)/N38 -> -0.029853383
A44: 43 | C44: val loss | D44: 1.1801 | E44: =(D44-D39)/D39 -> -0.080489325 | F44: 1.1214 | G44: =(F44-F39)/F39 -> -0.059937966 | H44: 1.0974 | I44: =(H44-H39)/H39 -> -0.060606061 | J44: 1.1805 | K44: =(J44-J39)/J39 -> -0.1013246 | L44: 1.1137 | M44: =(L44-L39)/L39 -> -0.08593237 | N44: 1.0981 | O44: =(N44-N39)/N39 -> -0.065923784
A45: 44 | B45: Stage 8 | C45: model | D45: =Step4_Models_plan!C16&"/"&D46/1000&"k" -> 8/96/3/1024/0.05/32/65k | F45: =Step4_Models_plan!D16&"/"&F46/1000&"k" -> 8/160/5/1536/0.10/8/40k | J45: =Step4_Models_plan!C16&"/"&J46/1000&"k" -> 8/96/3/1024/0.05/32/70k | L45: =Step4_Models_plan!D16&"/"&L46/1000&"k" -> 8/160/5/1536/0.10/8/40k
A46: 45 | C46: iterations | D46: 65000 | F46: 40000 | J46: 70000 | L46: 40000
A47: 46 | C47: duration / val/train | D47: 10067 | E47: =D49/D48 -> 1.5519914 | F47: 6039 | G47: =F49/F48 -> 1.7004735 | J47: 10872 | K47: =J49/J48 -> 1.750895 | L47: 5829 | M47: =L49/L48 -> 1.8734859
A48: 47 | C48: train loss | D48: 0.7482 | E48: =(D48-D43)/D43 -> -0.049421929 | F48: 0.6547 | G48: =(F48-F43)/F43 -> -0.040310759 | J48: 0.6704 | K48: =(J48-J43)/J43 -> -0.043242472 | L48: 0.5944 | M48: =(L48-L43)/L43 -> -0.051842399
A49: 48 | C49: val loss | D49: 1.1612 | E49: =(D49-D44)/D44 -> -0.016015592 | F49: 1.1133 | G49: =(F49-F44)/F44 -> -0.007223114 | J49: 1.1738 | K49: =(J49-J44)/J44 -> -0.0056755612 | L49: 1.1136 | M49: =(L49-L44)/L44 -> -8.9790787e-05
A50: 49 | B50: Stage 9 | C50: model | D50: =Step4_Models_plan!C17&"/"&D51/1000&"k" -> 9/96/3/1536/0.05/16/60k | F50: =Step4_Models_plan!D17&"/"&F51/1000&"k" -> 9/192/6/2048/0.10/4/40k | J50: =Step4_Models_plan!C17&"/"&J51/1000&"k" -> 9/96/3/1536/0.05/16/50k | L50: =Step4_Models_plan!D17&"/"&L51/1000&"k" -> 9/192/6/2048/0.10/4/40k
A51: 50 | C51: steps | D51: 60000 | F51: 40000 | J51: 50000 | L51: 40000
A52: 51 | C52: duration / val/train | D52: 11544 | E52: =D54/D53 -> 1.5611049 | F52: 6838 | G52: =F54/F53 -> 1.7432981 | J52: 9592 | K52: =J54/J53 -> 1.6825135 | L52: 6802 | M52: =L54/L53 -> 1.9974392
A53: 52 | C53: train loss | D53: 0.7168 | E53: =(D53-D48)/D48 -> -0.041967388 | F53: 0.6155 | G53: =(F53-F48)/F48 -> -0.059874752 | J53: 0.6668 | K53: =(J53-J48)/J48 -> -0.0053699284 | L53: 0.5467 | M53: =(L53-L48)/L48 -> -0.080248991
A54: 53 | C54: val loss | D54: 1.119 | E54: =(D54-D49)/D49 -> -0.036341715 | F54: 1.073 | G54: =(F54-F49)/F49 -> -0.036198689 | J54: 1.1219 | K54: =(J54-J49)/J49 -> -0.044215369 | L54: 1.092 | M54: =(L54-L49)/L49 -> -0.019396552
A55: 54 | B55: Stage 10 | C55: model | D55: =Step4_Models_plan!C18&"/"&D56/1000&"k" -> 10/128/4/1536/0.10/8/0k | J55: =Step4_Models_plan!C18&"/"&J56/1000&"k" -> 10/128/4/1536/0.10/8/0k
A56: 55 | C56: iterations
A57: 56 | C57: duration / val/train
A58: 57 | C58: train loss
A59: 58 | C59: val loss
A60: 59 | B60: Stage 11 | C60: model | D60: =Step4_Models_plan!C19&"/"&D61/1000&"k" -> 11/128/4/2048/0.10/4/0k | J60: =Step4_Models_plan!C19&"/"&J61/1000&"k" -> 11/128/4/2048/0.10/4/0k
A61: 60 | C61: iterations
A62: 61 | C62: duration / val/train
A63: 62 | C63: train loss
A64: 63 | C64: val loss
A65: 64 | C65: Total time | D65: =D12+D17+D22+D27+D32+D37+D42+D47+D52+D57+D62 -> 39788 | F65: =F12+F17+F22+F27+F32+F37+F42+F47+F52+F57+F62 -> 43553 | H65: =H12+H17+H22+H27+H32+H37+H42+H47+H52+H57+H62 -> 22669 | J65: =J12+J17+J22+J27+J32+J37+J42+J47+J52+J57+J62 -> 43587 | L65: =L12+L17+L22+L27+L32+L37+L42+L47+L52+L57+L62 -> 36118 | N65: =N12+N17+N22+N27+N32+N37+N42+N47+N52+N57+N62 -> 27304
A66: 65 | B66: 0 | C66: duration / val/train | F66: 0 | G66: =F68/F67 -> 1.0958428 | H66: 0 | I66: =H68/H67 -> 1.1111231 | L66: 0 | M66: =L68/L67 -> 0.95707995 | N66: 0 | O66: =N68/N67 -> 1.1130468
A67: 66 | C67: train loss | F67: 3.079 | H67: 3.7049 | L67: 3.2246 | N67: 3.4269
A68: 67 | C68: val loss | F68: 3.3741 | H68: 4.1166 | L68: 3.0862 | N68: 3.8143
A69: 68 | B69: 2000 | C69: duration / val/train | F69: 378 | G69: =F71/F70 -> 1.6645474 | H69: 388 | I69: =H71/H70 -> 1.4823833 | L69: 365 | M69: =L71/L70 -> 1.7322723 | N69: 403 | O69: =N71/N70 -> 1.5102488
A70: 69 | C70: train loss / train diff % | F70: 0.6606 | G70: =(F70-F67)/F67 -> -0.78544982 | H70: 0.7351 | I70: =(H70-H67)/H67 -> -0.80158709 | L70: 0.6346 | M70: =(L70-L67)/L67 -> -0.8032004 | N70: 0.7757 | O70: =(N70-N67)/N67 -> -0.77364382
A71: 70 | C71: val loss / val diff % | F71: 1.0996 | G71: =(F71-F68)/F68 -> -0.67410569 | H71: 1.0897 | I71: =(H71-H68)/H68 -> -0.73529126 | L71: 1.0993 | M71: =(L71-L68)/L68 -> -0.64380144 | N71: 1.1715 | O71: =(N71-N68)/N68 -> -0.69286632
A72: 71 | B72: 4000 | C72: duration / val/train | F72: 759 | G72: =F74/F73 -> 1.6828277 | H72: 781 | I72: =H74/H73 -> 1.5262631 | L72: 730 | M72: =L74/L73 -> 1.826777 | N72: 807 | O72: =N74/N73 -> 1.5742816
A73: 72 | C73: train loss / train diff % | F73: 0.6394 | G73: =(F73-F70)/F70 -> -0.032092038 | H73: 0.6987 | I73: =(H73-H70)/H70 -> -0.049517073 | L73: 0.5923 | M73: =(L73-L70)/L70 -> -0.066656161 | N73: 0.696 | O73: =(N73-N70)/N70 -> -0.10274591
A74: 73 | C74: val loss / val diff % | F74: 1.076 | G74: =(F74-F71)/F71 -> -0.02146235 | H74: 1.0664 | I74: =(H74-H71)/H71 -> -0.021382032 | L74: 1.082 | M74: =(L74-L71)/L71 -> -0.015737287 | N74: 1.0957 | O74: =(N74-N71)/N71 -> -0.064703372
A75: 74 | B75: 6000 | C75: duration / val/train | F75: 1140 | G75: =F77/F76 -> 1.7291007 | H75: 1181 | I75: =H77/H76 -> 1.5952522 | L75: 1095 | M75: =L77/L76 -> 1.8589744 | N75: 1214 | O75: =N77/N76 -> 1.6236429
A76: 75 | C76: train loss / train diff % | F76: 0.6316 | G76: =(F76-F73)/F73 -> -0.012198937 | H76: 0.674 | I76: =(H76-H73)/H73 -> -0.035351367 | L76: 0.5772 | M76: =(L76-L73)/L73 -> -0.025493838 | N76: 0.6632 | O76: =(N76-N73)/N73 -> -0.047126437
A77: 76 | C77: val loss / val diff % | F77: 1.0921 | G77: =(F77-F74)/F74 -> 0.014962825 | H77: 1.0752 | I77: =(H77-H74)/H74 -> 0.008252063 | L77: 1.073 | M77: =(L77-L74)/L74 -> -0.0083179298 | N77: 1.0768 | O77: =(N77-N74)/N74 -> -0.017249247
A78: 77 | B78: 8000 | C78: duration / val/train | F78: 1517 | G78: =F80/F79 -> 1.7351248 | H78: 1576 | I78: =H80/H79 -> 1.5798896 | L78: 1459 | M78: =L80/L79 -> 1.8840937 | N78: 1617 | O78: =N80/N79 -> 1.6641562
A79: 78 | C79: train loss / train diff % | F79: 0.6252 | G79: =(F79-F76)/F76 -> -0.010132996 | H79: 0.6703 | I79: =(H79-H76)/H76 -> -0.0054896142 | L79: 0.5677 | M79: =(L79-L76)/L76 -> -0.016458766 | N79: 0.6506 | O79: =(N79-N76)/N76 -> -0.018998794
A80: 79 | C80: val loss / val diff % | F80: 1.0848 | G80: =(F80-F77)/F77 -> -0.0066843696 | H80: 1.059 | I80: =(H80-H77)/H77 -> -0.015066964 | L80: 1.0696 | M80: =(L80-L77)/L77 -> -0.0031686859 | N80: 1.0827 | O80: =(N80-N77)/N77 -> 0.0054791976
A81: 80 | B81: 10000 | C81: duration / val/train | F81: 1888 | G81: =F83/F82 -> 1.7604268 | H81: 1969 | I81: =H83/H82 -> 1.6212029 | L81: 1825 | M81: =L83/L82 -> 1.9351419 | N81: 2014 | O81: =N83/N82 -> 1.7035851
A82: 81 | C82: train loss / train diff % | F82: 0.6186 | G82: =(F82-F79)/F79 -> -0.010556622 | H82: 0.6584 | I82: =(H82-H79)/H79 -> -0.017753245 | L82: 0.5566 | M82: =(L82-L79)/L79 -> -0.019552581 | N82: 0.6248 | O82: =(N82-N79)/N79 -> -0.039655702
A83: 82 | C83: val loss / val diff % | F83: 1.089 | G83: =(F83-F80)/F80 -> 0.0038716814 | H83: 1.0674 | I83: =(H83-H80)/H80 -> 0.0079320113 | L83: 1.0771 | M83: =(L83-L80)/L80 -> 0.0070119671 | N83: 1.0644 | O83: =(N83-N80)/N80 -> -0.016902189
A84: 83 | B84: 12000 | C84: duration / val/train | F84: 2260 | G84: =F86/F85 -> 1.7947386 | H84: 2362 | I84: =H86/H85 -> 1.6109676 | L84: 2200 | M84: =L86/L85 -> 1.9770011 | N84: 2411 | O84: =N86/N85 -> 1.747191
A85: 84 | C85: train loss / train diff % | F85: 0.6158 | G85: =(F85-F82)/F82 -> -0.0045263498 | H85: 0.6583 | I85: =(H85-H82)/H82 -> -0.00015188335 | L85: 0.5522 | M85: =(L85-L82)/L82 -> -0.0079051383 | N85: 0.6052 | O85: =(N85-N82)/N82 -> -0.031370038
A86: 85 | C86: val loss / val diff % | F86: 1.1052 | G86: =(F86-F83)/F83 -> 0.014876033 | H86: 1.0605 | I86: =(H86-H83)/H83 -> -0.0064643058 | L86: 1.0917 | M86: =(L86-L83)/L83 -> 0.013554916 | N86: 1.0574 | O86: =(N86-N83)/N83 -> -0.006576475
A87: 86 | B87: 14000 | C87: duration / val/train | F87: 2628 | G87: =F89/F88 -> 1.8108241 | H87: 2754 | I87: =H89/H88 -> 1.6543153 | L87: 2579 | M87: =L89/L88 -> 2.0135954 | N87: 2805 | O87: =N89/N88 -> 1.8170374
A88: 87 | C88: train loss / train diff % | F88: 0.6116 | G88: =(F88-F85)/F85 -> -0.0068203962 | H88: 0.6477 | I88: =(H88-H85)/H85 -> -0.016102081 | L88: 0.5443 | M88: =(L88-L85)/L85 -> -0.014306411 | N88: 0.5799 | O88: =(N88-N85)/N85 -> -0.041804362
A89: 88 | C89: val loss / val diff % | F89: 1.1075 | G89: =(F89-F86)/F86 -> 0.0020810713 | H89: 1.0715 | I89: =(H89-H86)/H86 -> 0.010372466 | L89: 1.096 | M89: =(L89-L86)/L86 -> 0.003938811 | N89: 1.0537 | O89: =(N89-N86)/N86 -> -0.0034991489
A90: 89 | B90: 16000 | C90: duration / val/train | F90: 2992 | G90: =F92/F91 -> 1.8304391 | H90: 3143 | I90: =H92/H91 -> 1.6481367 | L90: 2960 | M90: =L92/L91 -> 2.0662117 | N90: 3204 | O90: =N92/N91 -> 1.8530839
A91: 90 | C91: train loss / train diff % | F91: 0.6104 | G91: =(F91-F88)/F88 -> -0.0019620667 | H91: 0.6494 | I91: =(H91-H88)/H88 -> 0.0026246719 | L91: 0.5422 | M91: =(L91-L88)/L88 -> -0.0038581665 | N91: 0.5772 | O91: =(N91-N88)/N88 -> -0.0046559752
A92: 91 | C92: val loss / val diff % | F92: 1.1173 | G92: =(F92-F89)/F89 -> 0.0088487585 | H92: 1.0703 | I92: =(H92-H89)/H89 -> -0.0011199253 | L92: 1.1203 | M92: =(L92-L89)/L89 -> 0.022171533 | N92: 1.0696 | O92: =(N92-N89)/N89 -> 0.015089684
A93: 92 | B93: 18000 | C93: duration / val/train | F93: 3356 | G93: =F95/F94 -> 1.8200399 | H93: 3530 | I93: =H95/H94 -> 1.67908 | L93: 3339 | M93: =L95/L94 -> 2.0565543 | N93: 3605 | O93: =N95/N94 -> 1.9103266
A94: 93 | C94: train loss / train diff % | F94: 0.6018 | G94: =(F94-F91)/F91 -> -0.014089122 | H94: 0.6391 | I94: =(H94-H91)/H91 -> -0.015860795 | L94: 0.534 | M94: =(L94-L91)/L91 -> -0.015123571 | N94: 0.5665 | O94: =(N94-N91)/N91 -> -0.018537769
A95: 94 | C95: val loss / val diff % | F95: 1.0953 | G95: =(F95-F92)/F92 -> -0.019690325 | H95: 1.0731 | I95: =(H95-H92)/H92 -> 0.0026160889 | L95: 1.0982 | M95: =(L95-L92)/L92 -> -0.019726859 | N95: 1.0822 | O95: =(N95-N92)/N92 -> 0.011780105
A96: 95 | B96: 20000 | C96: duration / val/train | F96: 3720 | G96: =F98/F97 -> 1.8876951 | H96: 3918 | I96: =H98/H97 -> 1.6895574 | L96: 3733 | M96: =L98/L97 -> 2.1447269 | N96: 4001 | O96: =N98/N97 -> 1.9425846
A97: 96 | C97: train loss / train diff % | F97: 0.5957 | G97: =(F97-F94)/F94 -> -0.010136258 | H97: 0.6349 | I97: =(H97-H94)/H94 -> -0.0065717415 | L97: 0.5272 | M97: =(L97-L94)/L94 -> -0.012734082 | N97: 0.5556 | O97: =(N97-N94)/N94 -> -0.019240953
A98: 97 | C98: val loss / val diff % | F98: 1.1245 | G98: =(F98-F95)/F95 -> 0.026659363 | H98: 1.0727 | I98: =(H98-H95)/H95 -> -0.00037275184 | L98: 1.1307 | M98: =(L98-L95)/L95 -> 0.029593881 | N98: 1.0793 | O98: =(N98-N95)/N95 -> -0.0026797265
A99: 98 | B99: 22000 | C99: duration / val/train | F99: 4084 | G99: =F101/F100 -> 1.8688852 | H99: 4306 | I99: =H101/H100 -> 1.7057234 | L99: 4127 | M99: =L101/L100 -> 2.0894171 | N99: 4398 | O99: =N101/N100 -> 1.9801674
A100: 99 | C100: train loss / train diff % | F100: 0.601 | G100: =(F100-F97)/F97 -> 0.0088970959 | H100: 0.629 | I100: =(H100-H97)/H97 -> -0.009292802 | L100: 0.5301 | M100: =(L100-L97)/L97 -> 0.0055007587 | N100: 0.5496 | O100: =(N100-N97)/N97 -> -0.010799136
...

Sheet Step4_checkponts
A1: № | B1: Checkpoints | D1: Params | E1: =E3&"/"&E4&"/"&E5&"/"&E6&"/"&TEXT(E7,"0.00")&"/"&E8 -> 12/128/4/2048/0.10/4 | F1: =F3&"/"&F4&"/"&F5&"/"&F6&"/"&TEXT(F7,"0.00")&"/"&F8 -> 10/192/6/2048/0.10/4 | G1: =G3&"/"&G4&"/"&G5&"/"&G6&"/"&TEXT(G7,"0.00")&"/"&G8 -> 8/256/8/2048/0.15/4
A2: 1 | D2: model size, M | E2: =($K$2*E4+E4*E6+E3*(12*E4^2+13*E4)+E4*$K$2)/1000000 -> 2.688768 | F2: =($K$2*F4+F4*F6+F3*(12*F4^2+13*F4)+F4*$K$2)/1000000 -> 4.912896 | G2: =($K$2*G4+G4*G6+G3*(12*G4^2+13*G4)+G4*$K$2)/1000000 -> 6.937088 | J2: vocab_size | K2: 185
A3: 2 | D3: n_layer | E3: 12 | F3: 10 | G3: 8
A4: 3 | D4: n_embd | E4: 128 | F4: 192 | G4: 256
A5: 4 | D5: n_head | E5: 4 | F5: 6 | G5: 8
A6: 5 | D6: block_size | E6: 2048 | F6: 2048 | G6: 2048
A7: 6 | D7: dropout | E7: 0.1 | F7: 0.1 | G7: 0.15
A8: 7 | D8: batch_size | E8: 4 | F8: 4 | G8: 4
A9: 8 | B9: val loss plateau | C9: Step 1 | D9: iterations | E9: 96000 | F9: 38000 | G9: 32000
A10: 9 | D10: duration | E10: 13934 | F10: 7151 | G10: 6441
A11: 10 | D11: train loss | E11: 0.6692 | F11: 0.6842 | G11: 0.6914
A12: 11 | D12: val loss | E12: 1.106 | F12: 1.0988 | G12: 1.0867
A13: 12 | C13: Step 2 zero | D13: iterations | E13: 38000 | F13: 10000 | G13: 14000
A14: 13 | D14: duration | E14: =5505+Step2!$D$30 -> 13664 | F14: =1820+Step2!$F$30 -> 12342 | G14: =2837+Step2!$H$30 -> 14252
A15: 14 | D15: train loss | E15: 0.7626 | F15: 0.6965 | G15: 0.7124
A16: 15 | D16: val loss | E16: 1.1131 | F16: 1.094 | G16: 1.0907
A17: 16 | D17: duration diff % | E17: =E14/E$10 -> 0.98062294 | F17: =F14/F$10 -> 1.7259125 | G17: =G14/G$10 -> 2.2126999
A18: 17 | C18: Step 2 normal | D18: iterations | E18: 22000 | F18: 4000 | G18: 12000
A19: 18 | D19: duration | E19: =3279+Step2!$J$30 -> 11974 | F19: =742+Step2!$L$30 -> 11226 | G19: =2378+Step2!$N$30 -> 11623
A20: 19 | D20: train loss | E20: 0.7393 | F20: 0.7058 | G20: 0.686
A21: 20 | D21: val loss | E21: 1.1101 | F21: 1.0869 | G21: 1.106
A22: 21 | D22: duration diff % | E22: =E19/E$10 -> 0.85933687 | F22: =F19/F$10 -> 1.5698504 | G22: =G19/G$10 -> 1.8045335
A23: 22 | C23: Step 3 zero | D23: iterations | E23: 30000 | F23: 8000 | G23: 8000
A24: 23 | D24: duration | E24: =4346+Step3!$D$30 -> 22622 | F24: =1464+Step3!$F$30 -> 19740 | G24: =1608+Step3!$H$30 -> 21172
A25: 24 | D25: train loss | E25: 0.7696 | F25: 0.7037 | G25: 0.7308
A26: 25 | D26: val loss | E26: 1.1042 | F26: 1.1133 | G26: 1.0936
A27: 26 | D27: duration diff % | E27: =E24/E$10 -> 1.6235108 | F27: =F24/F$10 -> 2.7604531 | G27: =G24/G$10 -> 3.2870672
A28: 27 | C28: Step 3 normal | D28: iterations | E28: 12000 | F28: 10000 | G28: 18000
A29: 28 | D29: duration | E29: =1787+Step3!$J$30 -> 21446 | F29: =1899+Step3!$L$30 -> 19269 | G29: =3592+Step3!$N$30 -> 18015
A30: 29 | D30: train loss | E30: 0.7648 | F30: 0.643 | G30: 0.6391
A31: 30 | D31: val loss | E31: 1.1138 | F31: 1.1061 | G31: 1.0983
A32: 31 | D32: duration diff % | E32: =E29/E$10 -> 1.539113 | F32: =F29/F$10 -> 2.6945882 | G32: =G29/G$10 -> 2.7969259
A33: 32 | C33: Step 4 zero | D33: iterations | F33: 6000 | G33: 2000
A34: 33 | D34: duration | F34: =1140+Step4!$F$65 -> 44693 | G34: =388+Step4!$H$65 -> 23057
A35: 34 | D35: train loss | F35: 0.6316 | G35: 0.7351
A36: 35 | D36: val loss | F36: 1.0921 | G36: 1.0897
A37: 36 | D37: duration diff % | F37: =F34/F$10 -> 6.2498951 | G37: =G34/G$10 -> 3.5797236
A38: 37 | C38: Step 4 normal | D38: iterations | F38: 2000 | G38: 6000
A39: 38 | D39: duration | F39: =365+Step4!$L$65 -> 36483 | G39: =1214+Step4!$N$65 -> 28518
A40: 39 | D40: train loss | F40: 0.6346 | G40: 0.6632
A41: 40 | D41: val loss | F41: 1.0993 | G41: 1.0768
A42: 41 | D42: duration diff % | F42: =F39/F$10 -> 5.1018039 | G42: =G39/G$10 -> 4.4275734
A43: 42 | B43: min val loss | C43: Step 1 | D43: iterations | E43: 232000 | F43: 76000 | G43: 56000
A44: 43 | D44: duration | E44: 34159 | F44: 14321 | G44: 11109
A45: 44 | D45: train loss | E45: 0.6136 | F45: 0.6078 | G45: 0.6195
A46: 45 | D46: val loss | E46: 1.0808 | F46: 1.0877 | G46: 1.0731
A47: 46 | C47: Step 2 zero | D47: iterations | E47: 220000 | F47: 4000 | G47: 30000
A48: 47 | D48: duration | E48: =32470+Step2!$D$30 -> 40629 | F48: =728+Step2!$F$30 -> 11250 | G48: =5950+Step2!$H$30 -> 17365
A49: 48 | D49: train loss | E49: 0.6302 | F49: 0.73 | G49: 0.6506
A50: 49 | D50: val loss | E50: 1.0527 | F50: 1.0813 | G50: 1.0658
A51: 50 | D51: val loss diff % | E51: =E50/E$46 -> 0.97400074 | F51: =F50/F$46 -> 0.99411602 | G51: =G50/G$46 -> 0.99319728
A52: 51 | C52: Step 2 normal | D52: iterations | E52: =94000 -> 94000 | F52: 14000 | G52: 30000
A53: 52 | D53: duration | E53: =14011+Step2!$J$30 -> 22706 | F53: =2579+Step2!$L$30 -> 13063 | G53: =6034+Step2!$N$30 -> 15279
A54: 53 | D54: train loss | E54: 0.6133 | F54: 0.6372 | G54: 0.587
A55: 54 | D55: val loss | E55: 1.0902 | F55: 1.0671 | G55: 1.0862
A56: 55 | D56: val loss diff % | E56: =E55/E$46 -> 1.0086973 | F56: =F55/F$46 -> 0.98106095 | G56: =G55/G$46 -> 1.0122076
A57: 56 | C57: Step 3 zero | D57: iterations | E57: 90000 | F57: 30000 | G57: 22000
A58: 57 | D58: duration | E58: =13110+Step3!$D$30 -> 31386 | F58: =5634+Step3!$F$30 -> 23910 | G58: =4419+Step3!$H$30 -> 23983
A59: 58 | D59: train loss | E59: 0.6828 | F59: 0.6119 | G59: 0.6675
A60: 59 | D60: val loss | E60: 1.0701 | F60: 1.1028 | G60: 1.0771
A61: 60 | D61: val loss diff % | E61: =E60/E$46 -> 0.99009993 | F61: =F60/F$46 -> 1.0138825 | G61: =G60/G$46 -> 1.0037275
A62: 61 | C62: Step 3 normal | D62: iterations | E62: 90000 | F62: 24000 | G62: 28000
A63: 62 | D63: duration | E63: =13438+Step3!$J$30 -> 33097 | F63: =4502+Step3!$L$30 -> 21872 | G63: =5621+Step3!$N$30 -> 20044
A64: 63 | D64: train loss | E64: 0.6183 | F64: 0.5859 | G64: 0.5905
A65: 64 | D65: val loss | E65: 1.062 | F65: 1.1022 | G65: 1.0824
A66: 65 | D66: val loss diff % | E66: =E65/E$46 -> 0.98260548 | F66: =F65/F$46 -> 1.0133309 | G66: =G65/G$46 -> 1.0086665
A67: 66 | C67: Step 4 zero | D67: iterations | F67: 4000 | G67: 80000
A68: 67 | D68: duration | F68: =759+Step4!$F$65 -> 44312 | G68: =1576+Step4!$H$65 -> 24245
A69: 68 | D69: train loss | F69: 0.6394 | G69: 0.6703
A70: 69 | D70: val loss | F70: 1.076 | G70: 1.059
A71: 70 | D71: val loss diff % | F71: =F70/F$46 -> 0.98924336 | G71: =G70/G$46 -> 0.9868605
A72: 71 | C72: Step 4 normal | D72: iterations | F72: 8000 | G72: 14000
A73: 72 | D73: duration | F73: =1459+Step4!$L$65 -> 37577 | G73: =2805+Step4!$N$65 -> 30109
A74: 73 | D74: train loss | F74: 0.5677 | G74: 0.5799
A75: 74 | D75: val loss | F75: 1.0696 | G75: 1.0537
A76: 75 | D76: val loss diff % | F76: =F75/F$46 -> 0.98335938 | G76: =G75/G$46 -> 0.98192154
A77: 76 | B77: min train loss | C77: Step 1 | D77: iterations | E77: 252000 | F77: 180000 | G77: 196000
A78: 77 | D78: duration | E78: 37172 | F78: 33606 | G78: 39193
A79: 78 | D79: train loss | E79: 0.6035 | F79: 0.5224 | G79: 0.5035
A80: 79 | D80: val loss | E80: 1.1132 | F80: 1.1467 | G80: 1.1503
A81: 80 | C81: Step 2 zero | D81: iterations | E81: 216000 | F81: 124000 | G81: 142000
A82: 81 | D82: duration | E82: =31891+Step2!$D$30 -> 40050 | F82: =23256+Step2!$F$30 -> 33778 | G82: =28126+Step2!$H$30 -> 39541
A83: 82 | D83: train loss | E83: 0.6232 | F83: 0.5339 | G83: 0.534
A84: 83 | D84: val loss | E84: 1.0681 | F84: 1.1299 | G84: 1.1196
A85: 84 | D85: duration diff % | E85: =E82/E$78 -> 1.0774239 | F85: =F82/F$78 -> 1.0051181 | G85: =G82/G$78 -> 1.0088791
A86: 85 | D86: train loss diff % | E86: =E83/E$79 -> 1.0326429 | F86: =F83/F$79 -> 1.0220138 | G86: =G83/G$79 -> 1.060576
A87: 86 | C87: Step 2 normal | D87: iterations | E87: 150000 | F87: 106000 | G87: 78000
A88: 87 | D88: duration | E88: =22446+Step2!$J$30 -> 31141 | F88: =19694+Step2!$L$30 -> 30178 | G88: =15707+Step2!$N$30 -> 24952
A89: 88 | D89: train loss | E89: 0.5813 | F89: 0.4744 | G89: 0.4907
A90: 89 | D90: val loss | E90: 1.105 | F90: 1.153 | G90: 1.1546
A91: 90 | D91: duration diff % | E91: =E88/E$78 -> 0.83775422 | F91: =F88/F$78 -> 0.89799441 | G91: =G88/G$78 -> 0.6366443
A92: 91 | D92: train loss diff % | E92: =E89/E$79 -> 0.96321458 | F92: =F89/F$79 -> 0.90811639 | G92: =G89/G$79 -> 0.97457795
A93: 92 | C93: Step 3 zero | D93: iterations | E93: 176000 | F93: 140000 | G93: 144000
A94: 93 | D94: duration | E94: =25831+Step3!$D$30 -> 44107 | F94: =25867+Step3!$F$30 -> 44143 | G94: =28369+Step3!$H$30 -> 47933
A95: 94 | D95: train loss | E95: 0.6348 | F95: 0.5229 | G95: 0.5285
A96: 95 | D96: val loss | E96: 1.0765 | F96: 1.1387 | G96: 1.1037
A97: 96 | D97: duration diff % | E97: =E94/E$78 -> 1.1865652 | F97: =F94/F$78 -> 1.3135452 | G97: =G94/G$78 -> 1.222999
A98: 97 | D98: train loss diff % | E98: =E95/E$79 -> 1.0518641 | F98: =F95/F$79 -> 1.0009571 | G98: =G95/G$79 -> 1.0496524
A99: 98 | C99: Step 3 normal | D99: iterations | E99: 112000 | F99: 50000 | G99: 80000
A100: 99 | D100: duration | E100: =21239+Step3!$J$30 -> 40898 | F100: =9246+Step3!$L$30 -> 26616 | G100: =15926+Step3!$N$30 -> 30349
...

Sheet Graph4_data_12
A1: # | B1: iterations | C1: Step 1 | F1: Step 2 zero | I1: Step 2 normal | L1: Step 3 zero | O1: Step 3 normal
C2: Duration | D2: Train loss | E2: Val loss | F2: Duration | G2: Train loss | H2: Val loss | I2: Duration | J2: Train loss | K2: Val loss | L2: Duration | M2: Train loss | N2: Val loss | O2: Duration | P2: Train loss | Q2: Val loss
A3: 1 | F3: =Step2!D12 -> 278 | G3: =Step2!D13 -> 1.6531 | H3: =Step2!D14 -> 2.0216 | I3: =Step2!J12 -> 277 | J3: =Step2!J13 -> 1.6531 | K3: =Step2!J14 -> 2.0216 | L3: =Step3!D12 -> 434 | M3: =Step3!D13 -> 1.5441 | N3: =Step3!D14 -> 1.9808 | O3: =Step3!J12 -> 432 | P3: =Step3!J13 -> 1.5441 | Q3: =Step3!J14 -> 1.9808
A4: 2 | F4: =F3+Step2!D17 -> 732 | G4: =Step2!D18 -> 1.2112 | H4: =Step2!D19 -> 1.6439 | I4: =I3+Step2!J17 -> 564 | J4: =Step2!J18 -> 1.214 | K4: =Step2!J19 -> 1.6644 | L4: =L3+Step3!D17 -> 1535 | M4: =Step3!D18 -> 1.159 | N4: =Step3!D19 -> 1.6823 | O4: =O3+Step3!J17 -> 1502 | P4: =Step3!J18 -> 1.1096 | Q4: =Step3!J19 -> 1.6291
A5: 3 | F5: =F4+Step2!D22 -> 2057 | G5: =Step2!D23 -> 1.0269 | H5: =Step2!D24 -> 1.4199 | I5: =I4+Step2!J22 -> 2405 | J5: =Step2!J23 -> 0.9893 | K5: =Step2!J24 -> 1.3958 | L5: =L4+Step3!D22 -> 4942 | M5: =Step3!D23 -> 0.9655 | N5: =Step3!D24 -> 1.4894 | O5: =O4+Step3!J22 -> 3076 | P5: =Step3!J23 -> 0.9766 | Q5: =Step3!J24 -> 1.4786
A6: 4 | F6: =F5+Step2!D27 -> 8159 | G6: =Step2!D28 -> 0.8051 | H6: =Step2!D29 -> 1.2241 | I6: =I5+Step2!J27 -> 8695 | J6: =Step2!J28 -> 0.7522 | K6: =Step2!J29 -> 1.2016 | L6: =L5+Step3!D27 -> 18276 | M6: =Step3!D28 -> 0.7496 | N6: =Step3!D29 -> 1.2591 | O6: =O5+Step3!J27 -> 19659 | P6: =Step3!J28 -> 0.6758 | Q6: =Step3!J29 -> 1.2889
A7: 5 | B7: 0 | C7: {=INDEX(Step1_final!D:D, 3 + (ROW(C3)-1)*3)} -> 5 | D7: {=INDEX(Step1_final!D:D, 4 + (ROW(D3)-1)*3)} -> 4.6763 | E7: {=INDEX(Step1_final!D:D, 5 + (ROW(E3)-1)*3)} -> 4.7457 | F7: {=F$6+INDEX(Step2!D:D, 10 + ROW(F7)*3)} -> 8159 | G7: {=INDEX(Step2!D:D, 11 + ROW(F7)*3)} -> 3.8584 | H7: {=INDEX(Step2!D:D, 12 + ROW(F7)*3)} -> 4.2464 | I7: {=I$6+INDEX(Step2!J:J, 10 + ROW(I7)*3)} -> 8695 | J7: {=INDEX(Step2!J:J, 11 + ROW(I7)*3)} -> 3.9528 | K7: {=INDEX(Step2!J:J, 12 + ROW(I7)*3)} -> 4.2622 | L7: {=L$6+INDEX(Step3!D:D, 10 + ROW(L7)*3)} -> 18276 | M7: {=INDEX(Step3!D:D, 11 + ROW(L7)*3)} -> 3.8201 | N7: {=INDEX(Step3!D:D, 12 + ROW(L7)*3)} -> 3.9744 | O7: {=O$6+INDEX(Step3!J:J, 10 + ROW(O7)*3)} -> 19659 | P7: {=INDEX(Step3!J:J, 11 + ROW(O7)*3)} -> 3.8306 | Q7: {=INDEX(Step3!J:J, 12 + ROW(O7)*3)} -> 3.9579
A8: 6 | B8: 2000 | C8: {=INDEX(Step1_final!D:D, 3 + (ROW(C4)-1)*3)} -> 297 | D8: {=INDEX(Step1_final!D:D, 4 + (ROW(D4)-1)*3)} -> 2.4462 | E8: {=INDEX(Step1_final!D:D, 5 + (ROW(E4)-1)*3)} -> 2.7286 | F8: {=F$6+INDEX(Step2!D:D, 10 + ROW(F8)*3)} -> 8449 | G8: {=INDEX(Step2!D:D, 11 + ROW(F8)*3)} -> 1.0156 | H8: {=INDEX(Step2!D:D, 12 + ROW(F8)*3)} -> 1.2887 | I8: {=I$6+INDEX(Step2!J:J, 10 + ROW(I8)*3)} -> 8986 | J8: {=INDEX(Step2!J:J, 11 + ROW(I8)*3)} -> 0.9555 | K8: {=INDEX(Step2!J:J, 12 + ROW(I8)*3)} -> 1.2561 | L8: {=L$6+INDEX(Step3!D:D, 10 + ROW(L8)*3)} -> 18566 | M8: {=INDEX(Step3!D:D, 11 + ROW(L8)*3)} -> 1.0042 | N8: {=INDEX(Step3!D:D, 12 + ROW(L8)*3)} -> 1.2942 | O8: {=O$6+INDEX(Step3!J:J, 10 + ROW(O8)*3)} -> 19950 | P8: {=INDEX(Step3!J:J, 11 + ROW(O8)*3)} -> 0.9463 | Q8: {=INDEX(Step3!J:J, 12 + ROW(O8)*3)} -> 1.2464
A9: 7 | B9: 4000 | C9: {=INDEX(Step1_final!D:D, 3 + (ROW(C5)-1)*3)} -> 590 | D9: {=INDEX(Step1_final!D:D, 4 + (ROW(D5)-1)*3)} -> 1.9095 | E9: {=INDEX(Step1_final!D:D, 5 + (ROW(E5)-1)*3)} -> 2.2991 | F9: {=F$6+INDEX(Step2!D:D, 10 + ROW(F9)*3)} -> 8739 | G9: {=INDEX(Step2!D:D, 11 + ROW(F9)*3)} -> 0.9428 | H9: {=INDEX(Step2!D:D, 12 + ROW(F9)*3)} -> 1.2352 | I9: {=I$6+INDEX(Step2!J:J, 10 + ROW(I9)*3)} -> 9276 | J9: {=INDEX(Step2!J:J, 11 + ROW(I9)*3)} -> 0.8706 | K9: {=INDEX(Step2!J:J, 12 + ROW(I9)*3)} -> 1.1847 | L9: {=L$6+INDEX(Step3!D:D, 10 + ROW(L9)*3)} -> 18856 | M9: {=INDEX(Step3!D:D, 11 + ROW(L9)*3)} -> 0.9062 | N9: {=INDEX(Step3!D:D, 12 + ROW(L9)*3)} -> 1.2291 | O9: {=O$6+INDEX(Step3!J:J, 10 + ROW(O9)*3)} -> 20240 | P9: {=INDEX(Step3!J:J, 11 + ROW(O9)*3)} -> 0.8454 | Q9: {=INDEX(Step3!J:J, 12 + ROW(O9)*3)} -> 1.1654
A10: 8 | B10: 6000 | C10: {=INDEX(Step1_final!D:D, 3 + (ROW(C6)-1)*3)} -> 880 | D10: {=INDEX(Step1_final!D:D, 4 + (ROW(D6)-1)*3)} -> 1.2713 | E10: {=INDEX(Step1_final!D:D, 5 + (ROW(E6)-1)*3)} -> 1.6516 | F10: {=F$6+INDEX(Step2!D:D, 10 + ROW(F10)*3)} -> 9028 | G10: {=INDEX(Step2!D:D, 11 + ROW(F10)*3)} -> 0.9169 | H10: {=INDEX(Step2!D:D, 12 + ROW(F10)*3)} -> 1.2085 | I10: {=I$6+INDEX(Step2!J:J, 10 + ROW(I10)*3)} -> 9566 | J10: {=INDEX(Step2!J:J, 11 + ROW(I10)*3)} -> 0.8467 | K10: {=INDEX(Step2!J:J, 12 + ROW(I10)*3)} -> 1.1665 | L10: {=L$6+INDEX(Step3!D:D, 10 + ROW(L10)*3)} -> 19145 | M10: {=INDEX(Step3!D:D, 11 + ROW(L10)*3)} -> 0.8803 | N10: {=INDEX(Step3!D:D, 12 + ROW(L10)*3)} -> 1.1961 | O10: {=O$6+INDEX(Step3!J:J, 10 + ROW(O10)*3)} -> 20535 | P10: {=INDEX(Step3!J:J, 11 + ROW(O10)*3)} -> 0.8133 | Q10: {=INDEX(Step3!J:J, 12 + ROW(O10)*3)} -> 1.1523
A11: 9 | B11: 8000 | C11: {=INDEX(Step1_final!D:D, 3 + (ROW(C7)-1)*3)} -> 1170 | D11: {=INDEX(Step1_final!D:D, 4 + (ROW(D7)-1)*3)} -> 1.0816 | E11: {=INDEX(Step1_final!D:D, 5 + (ROW(E7)-1)*3)} -> 1.4545 | F11: {=F$6+INDEX(Step2!D:D, 10 + ROW(F11)*3)} -> 9318 | G11: {=INDEX(Step2!D:D, 11 + ROW(F11)*3)} -> 0.8939 | H11: {=INDEX(Step2!D:D, 12 + ROW(F11)*3)} -> 1.2019 | I11: {=I$6+INDEX(Step2!J:J, 10 + ROW(I11)*3)} -> 9857 | J11: {=INDEX(Step2!J:J, 11 + ROW(I11)*3)} -> 0.8261 | K11: {=INDEX(Step2!J:J, 12 + ROW(I11)*3)} -> 1.1658 | L11: {=L$6+INDEX(Step3!D:D, 10 + ROW(L11)*3)} -> 19435 | M11: {=INDEX(Step3!D:D, 11 + ROW(L11)*3)} -> 0.8604 | N11: {=INDEX(Step3!D:D, 12 + ROW(L11)*3)} -> 1.1812 | O11: {=O$6+INDEX(Step3!J:J, 10 + ROW(O11)*3)} -> 20836 | P11: {=INDEX(Step3!J:J, 11 + ROW(O11)*3)} -> 0.7965 | Q11: {=INDEX(Step3!J:J, 12 + ROW(O11)*3)} -> 1.1287
A12: 10 | B12: 10000 | C12: {=INDEX(Step1_final!D:D, 3 + (ROW(C8)-1)*3)} -> 1460 | D12: {=INDEX(Step1_final!D:D, 4 + (ROW(D8)-1)*3)} -> 1.0036 | E12: {=INDEX(Step1_final!D:D, 5 + (ROW(E8)-1)*3)} -> 1.3441 | F12: {=F$6+INDEX(Step2!D:D, 10 + ROW(F12)*3)} -> 9608 | G12: {=INDEX(Step2!D:D, 11 + ROW(F12)*3)} -> 0.8718 | H12: {=INDEX(Step2!D:D, 12 + ROW(F12)*3)} -> 1.1787 | I12: {=I$6+INDEX(Step2!J:J, 10 + ROW(I12)*3)} -> 10147 | J12: {=INDEX(Step2!J:J, 11 + ROW(I12)*3)} -> 0.8046 | K12: {=INDEX(Step2!J:J, 12 + ROW(I12)*3)} -> 1.1519 | L12: {=L$6+INDEX(Step3!D:D, 10 + ROW(L12)*3)} -> 19725 | M12: {=INDEX(Step3!D:D, 11 + ROW(L12)*3)} -> 0.8421 | N12: {=INDEX(Step3!D:D, 12 + ROW(L12)*3)} -> 1.1643 | O12: {=O$6+INDEX(Step3!J:J, 10 + ROW(O12)*3)} -> 21145 | P12: {=INDEX(Step3!J:J, 11 + ROW(O12)*3)} -> 0.7791 | Q12: {=INDEX(Step3!J:J, 12 + ROW(O12)*3)} -> 1.1343
A13: 11 | B13: 12000 | C13: {=INDEX(Step1_final!D:D, 3 + (ROW(C9)-1)*3)} -> 1750 | D13: {=INDEX(Step1_final!D:D, 4 + (ROW(D9)-1)*3)} -> 0.9448 | E13: {=INDEX(Step1_final!D:D, 5 + (ROW(E9)-1)*3)} -> 1.3119 | F13: {=F$6+INDEX(Step2!D:D, 10 + ROW(F13)*3)} -> 9898 | G13: {=INDEX(Step2!D:D, 11 + ROW(F13)*3)} -> 0.8633 | H13: {=INDEX(Step2!D:D, 12 + ROW(F13)*3)} -> 1.1618 | I13: {=I$6+INDEX(Step2!J:J, 10 + ROW(I13)*3)} -> 10444 | J13: {=INDEX(Step2!J:J, 11 + ROW(I13)*3)} -> 0.795 | K13: {=INDEX(Step2!J:J, 12 + ROW(I13)*3)} -> 1.1316 | L13: {=L$6+INDEX(Step3!D:D, 10 + ROW(L13)*3)} -> 20014 | M13: {=INDEX(Step3!D:D, 11 + ROW(L13)*3)} -> 0.8353 | N13: {=INDEX(Step3!D:D, 12 + ROW(L13)*3)} -> 1.1592 | O13: {=O$6+INDEX(Step3!J:J, 10 + ROW(O13)*3)} -> 21446 | P13: {=INDEX(Step3!J:J, 11 + ROW(O13)*3)} -> 0.7648 | Q13: {=INDEX(Step3!J:J, 12 + ROW(O13)*3)} -> 1.1138
A14: 12 | B14: 14000 | C14: {=INDEX(Step1_final!D:D, 3 + (ROW(C10)-1)*3)} -> 2040 | D14: {=INDEX(Step1_final!D:D, 4 + (ROW(D10)-1)*3)} -> 0.9185 | E14: {=INDEX(Step1_final!D:D, 5 + (ROW(E10)-1)*3)} -> 1.2947 | F14: {=F$6+INDEX(Step2!D:D, 10 + ROW(F14)*3)} -> 10187 | G14: {=INDEX(Step2!D:D, 11 + ROW(F14)*3)} -> 0.8516 | H14: {=INDEX(Step2!D:D, 12 + ROW(F14)*3)} -> 1.1715 | I14: {=I$6+INDEX(Step2!J:J, 10 + ROW(I14)*3)} -> 10743 | J14: {=INDEX(Step2!J:J, 11 + ROW(I14)*3)} -> 0.7812 | K14: {=INDEX(Step2!J:J, 12 + ROW(I14)*3)} -> 1.1345 | L14: {=L$6+INDEX(Step3!D:D, 10 + ROW(L14)*3)} -> 20304 | M14: {=INDEX(Step3!D:D, 11 + ROW(L14)*3)} -> 0.818 | N14: {=INDEX(Step3!D:D, 12 + ROW(L14)*3)} -> 1.1507 | O14: {=O$6+INDEX(Step3!J:J, 10 + ROW(O14)*3)} -> 21763 | P14: {=INDEX(Step3!J:J, 11 + ROW(O14)*3)} -> 0.7558 | Q14: {=INDEX(Step3!J:J, 12 + ROW(O14)*3)} -> 1.1188
A15: 13 | B15: 16000 | C15: {=INDEX(Step1_final!D:D, 3 + (ROW(C11)-1)*3)} -> 2331 | D15: {=INDEX(Step1_final!D:D, 4 + (ROW(D11)-1)*3)} -> 0.884 | E15: {=INDEX(Step1_final!D:D, 5 + (ROW(E11)-1)*3)} -> 1.2368 | F15: {=F$6+INDEX(Step2!D:D, 10 + ROW(F15)*3)} -> 10477 | G15: {=INDEX(Step2!D:D, 11 + ROW(F15)*3)} -> 0.8385 | H15: {=INDEX(Step2!D:D, 12 + ROW(F15)*3)} -> 1.1609 | I15: {=I$6+INDEX(Step2!J:J, 10 + ROW(I15)*3)} -> 11044 | J15: {=INDEX(Step2!J:J, 11 + ROW(I15)*3)} -> 0.767 | K15: {=INDEX(Step2!J:J, 12 + ROW(I15)*3)} -> 1.1275 | L15: {=L$6+INDEX(Step3!D:D, 10 + ROW(L15)*3)} -> 20594 | M15: {=INDEX(Step3!D:D, 11 + ROW(L15)*3)} -> 0.811 | N15: {=INDEX(Step3!D:D, 12 + ROW(L15)*3)} -> 1.1372 | O15: {=O$6+INDEX(Step3!J:J, 10 + ROW(O15)*3)} -> 22088 | P15: {=INDEX(Step3!J:J, 11 + ROW(O15)*3)} -> 0.7415 | Q15: {=INDEX(Step3!J:J, 12 + ROW(O15)*3)} -> 1.0935
A16: 14 | B16: 18000 | C16: {=INDEX(Step1_final!D:D, 3 + (ROW(C12)-1)*3)} -> 2621 | D16: {=INDEX(Step1_final!D:D, 4 + (ROW(D12)-1)*3)} -> 0.8665 | E16: {=INDEX(Step1_final!D:D, 5 + (ROW(E12)-1)*3)} -> 1.23 | F16: {=F$6+INDEX(Step2!D:D, 10 + ROW(F16)*3)} -> 10767 | G16: {=INDEX(Step2!D:D, 11 + ROW(F16)*3)} -> 0.8214 | H16: {=INDEX(Step2!D:D, 12 + ROW(F16)*3)} -> 1.1649 | I16: {=I$6+INDEX(Step2!J:J, 10 + ROW(I16)*3)} -> 11355 | J16: {=INDEX(Step2!J:J, 11 + ROW(I16)*3)} -> 0.752 | K16: {=INDEX(Step2!J:J, 12 + ROW(I16)*3)} -> 1.14 | L16: {=L$6+INDEX(Step3!D:D, 10 + ROW(L16)*3)} -> 20883 | M16: {=INDEX(Step3!D:D, 11 + ROW(L16)*3)} -> 0.7987 | N16: {=INDEX(Step3!D:D, 12 + ROW(L16)*3)} -> 1.1402 | O16: {=O$6+INDEX(Step3!J:J, 10 + ROW(O16)*3)} -> 22412 | P16: {=INDEX(Step3!J:J, 11 + ROW(O16)*3)} -> 0.7348 | Q16: {=INDEX(Step3!J:J, 12 + ROW(O16)*3)} -> 1.0917
A17: 15 | B17: 20000 | C17: {=INDEX(Step1_final!D:D, 3 + (ROW(C13)-1)*3)} -> 2911 | D17: {=INDEX(Step1_final!D:D, 4 + (ROW(D13)-1)*3)} -> 0.8471 | E17: {=INDEX(Step1_final!D:D, 5 + (ROW(E13)-1)*3)} -> 1.2237 | F17: {=F$6+INDEX(Step2!D:D, 10 + ROW(F17)*3)} -> 11056 | G17: {=INDEX(Step2!D:D, 11 + ROW(F17)*3)} -> 0.8192 | H17: {=INDEX(Step2!D:D, 12 + ROW(F17)*3)} -> 1.1564 | I17: {=I$6+INDEX(Step2!J:J, 10 + ROW(I17)*3)} -> 11668 | J17: {=INDEX(Step2!J:J, 11 + ROW(I17)*3)} -> 0.7504 | K17: {=INDEX(Step2!J:J, 12 + ROW(I17)*3)} -> 1.1355 | L17: {=L$6+INDEX(Step3!D:D, 10 + ROW(L17)*3)} -> 21173 | M17: {=INDEX(Step3!D:D, 11 + ROW(L17)*3)} -> 0.7955 | N17: {=INDEX(Step3!D:D, 12 + ROW(L17)*3)} -> 1.1522 | O17: {=O$6+INDEX(Step3!J:J, 10 + ROW(O17)*3)} -> 22734 | P17: {=INDEX(Step3!J:J, 11 + ROW(O17)*3)} -> 0.7257 | Q17: {=INDEX(Step3!J:J, 12 + ROW(O17)*3)} -> 1.096
A18: 16 | B18: 22000 | C18: {=INDEX(Step1_final!D:D, 3 + (ROW(C14)-1)*3)} -> 3201 | D18: {=INDEX(Step1_final!D:D, 4 + (ROW(D14)-1)*3)} -> 0.8318 | E18: {=INDEX(Step1_final!D:D, 5 + (ROW(E14)-1)*3)} -> 1.1992 | F18: {=F$6+INDEX(Step2!D:D, 10 + ROW(F18)*3)} -> 11346 | G18: {=INDEX(Step2!D:D, 11 + ROW(F18)*3)} -> 0.8104 | H18: {=INDEX(Step2!D:D, 12 + ROW(F18)*3)} -> 1.1503 | I18: {=I$6+INDEX(Step2!J:J, 10 + ROW(I18)*3)} -> 11974 | J18: {=INDEX(Step2!J:J, 11 + ROW(I18)*3)} -> 0.7393 | K18: {=INDEX(Step2!J:J, 12 + ROW(I18)*3)} -> 1.1101 | L18: {=L$6+INDEX(Step3!D:D, 10 + ROW(L18)*3)} -> 21463 | M18: {=INDEX(Step3!D:D, 11 + ROW(L18)*3)} -> 0.7865 | N18: {=INDEX(Step3!D:D, 12 + ROW(L18)*3)} -> 1.1514 | O18: {=O$6+INDEX(Step3!J:J, 10 + ROW(O18)*3)} -> 23047 | P18: {=INDEX(Step3!J:J, 11 + ROW(O18)*3)} -> 0.7185 | Q18: {=INDEX(Step3!J:J, 12 + ROW(O18)*3)} -> 1.094
... A79: 77 | B79: 144000 | C79: {=INDEX(Step1_final!D:D, 3 + (ROW(C75)-1)*3)} -> 21125 | D79: {=INDEX(Step1_final!D:D, 4 + (ROW(D75)-1)*3)} -> 0.642 | E79: {=INDEX(Step1_final!D:D, 5 + (ROW(E75)-1)*3)} -> 1.0897 | F79: {=F$6+INDEX(Step2!D:D, 10 + ROW(F79)*3)} -> 29371 | G79: {=INDEX(Step2!D:D, 11 + ROW(F79)*3)} -> 0.6527 | H79: {=INDEX(Step2!D:D, 12 + ROW(F79)*3)} -> 1.0811 | I79: {=I$6+INDEX(Step2!J:J, 10 + ROW(I79)*3)} -> 30222 | J79: {=INDEX(Step2!J:J, 11 + ROW(I79)*3)} -> 0.5852 | K79: {=INDEX(Step2!J:J, 12 + ROW(I79)*3)} -> 1.106 | L79: {=L$6+INDEX(Step3!D:D, 10 + ROW(L79)*3)} -> 39300 | M79: {=INDEX(Step3!D:D, 11 + ROW(L79)*3)} -> 0.6486 | N79: {=INDEX(Step3!D:D, 12 + ROW(L79)*3)} -> 1.1023 | O79: {=O$6+INDEX(Step3!J:J, 10 + ROW(O79)*3)} -> 41197 | P79: {=INDEX(Step3!J:J, 11 + ROW(O79)*3)} -> 0.5808 | Q79: {=INDEX(Step3!J:J, 12 + ROW(O79)*3)} -> 1.0834
A80: 78 | B80: 146000 | C80: {=INDEX(Step1_final!D:D, 3 + (ROW(C76)-1)*3)} -> 21429 | D80: {=INDEX(Step1_final!D:D, 4 + (ROW(D76)-1)*3)} -> 0.6344 | E80: {=INDEX(Step1_final!D:D, 5 + (ROW(E76)-1)*3)} -> 1.1002 | F80: {=F$6+INDEX(Step2!D:D, 10 + ROW(F80)*3)} -> 29669 | G80: {=INDEX(Step2!D:D, 11 + ROW(F80)*3)} -> 0.6605 | H80: {=INDEX(Step2!D:D, 12 + ROW(F80)*3)} -> 1.087 | I80: {=I$6+INDEX(Step2!J:J, 10 + ROW(I80)*3)} -> 30533 | J80: {=INDEX(Step2!J:J, 11 + ROW(I80)*3)} -> 0.5912 | K80: {=INDEX(Step2!J:J, 12 + ROW(I80)*3)} -> 1.12 | L80: {=L$6+INDEX(Step3!D:D, 10 + ROW(L80)*3)} -> 39590 | M80: {=INDEX(Step3!D:D, 11 + ROW(L80)*3)} -> 0.6508 | N80: {=INDEX(Step3!D:D, 12 + ROW(L80)*3)} -> 1.0929
A81: 79 | B81: 148000 | C81: {=INDEX(Step1_final!D:D, 3 + (ROW(C77)-1)*3)} -> 21733 | D81: {=INDEX(Step1_final!D:D, 4 + (ROW(D77)-1)*3)} -> 0.636 | E81: {=INDEX(Step1_final!D:D, 5 + (ROW(E77)-1)*3)} -> 1.103 | F81: {=F$6+INDEX(Step2!D:D, 10 + ROW(F81)*3)} -> 29961 | G81: {=INDEX(Step2!D:D, 11 + ROW(F81)*3)} -> 0.6557 | H81: {=INDEX(Step2!D:D, 12 + ROW(F81)*3)} -> 1.0811 | I81: {=I$6+INDEX(Step2!J:J, 10 + ROW(I81)*3)} -> 30840 | J81: {=INDEX(Step2!J:J, 11 + ROW(I81)*3)} -> 0.5862 | K81: {=INDEX(Step2!J:J, 12 + ROW(I81)*3)} -> 1.1168 | L81: {=L$6+INDEX(Step3!D:D, 10 + ROW(L81)*3)} -> 39880 | M81: {=INDEX(Step3!D:D, 11 + ROW(L81)*3)} -> 0.6514 | N81: {=INDEX(Step3!D:D, 12 + ROW(L81)*3)} -> 1.0937
A82: 80 | B82: 150000 | C82: {=INDEX(Step1_final!D:D, 3 + (ROW(C78)-1)*3)} -> 22045 | D82: {=INDEX(Step1_final!D:D, 4 + (ROW(D78)-1)*3)} -> 0.635 | E82: {=INDEX(Step1_final!D:D, 5 + (ROW(E78)-1)*3)} -> 1.1008 | F82: {=F$6+INDEX(Step2!D:D, 10 + ROW(F82)*3)} -> 30261 | G82: {=INDEX(Step2!D:D, 11 + ROW(F82)*3)} -> 0.6483 | H82: {=INDEX(Step2!D:D, 12 + ROW(F82)*3)} -> 1.0694 | I82: {=I$6+INDEX(Step2!J:J, 10 + ROW(I82)*3)} -> 31141 | J82: {=INDEX(Step2!J:J, 11 + ROW(I82)*3)} -> 0.5813 | K82: {=INDEX(Step2!J:J, 12 + ROW(I82)*3)} -> 1.105 | L82: {=L$6+INDEX(Step3!D:D, 10 + ROW(L82)*3)} -> 40169 | M82: {=INDEX(Step3!D:D, 11 + ROW(L82)*3)} -> 0.652 | N82: {=INDEX(Step3!D:D, 12 + ROW(L82)*3)} -> 1.1025
A83: 81 | B83: 152000 | C83: {=INDEX(Step1_final!D:D, 3 + (ROW(C79)-1)*3)} -> 22343 | D83: {=INDEX(Step1_final!D:D, 4 + (ROW(D79)-1)*3)} -> 0.6373 | E83: {=INDEX(Step1_final!D:D, 5 + (ROW(E79)-1)*3)} -> 1.1078 | F83: {=F$6+INDEX(Step2!D:D, 10 + ROW(F83)*3)} -> 30572 | G83: {=INDEX(Step2!D:D, 11 + ROW(F83)*3)} -> 0.6533 | H83: {=INDEX(Step2!D:D, 12 + ROW(F83)*3)} -> 1.0858 | I83: {=I$6+INDEX(Step2!J:J, 10 + ROW(I83)*3)} -> 31439 | J83: {=INDEX(Step2!J:J, 11 + ROW(I83)*3)} -> 0.5856 | K83: {=INDEX(Step2!J:J, 12 + ROW(I83)*3)} -> 1.1206 | L83: {=L$6+INDEX(Step3!D:D, 10 + ROW(L83)*3)} -> 40470 | M83: {=INDEX(Step3!D:D, 11 + ROW(L83)*3)} -> 0.6492 | N83: {=INDEX(Step3!D:D, 12 + ROW(L83)*3)} -> 1.0915
A84: 82 | B84: 154000 | C84: {=INDEX(Step1_final!D:D, 3 + (ROW(C80)-1)*3)} -> 22647 | D84: {=INDEX(Step1_final!D:D, 4 + (ROW(D80)-1)*3)} -> 0.6351 | E84: {=INDEX(Step1_final!D:D, 5 + (ROW(E80)-1)*3)} -> 1.0939 | F84: {=F$6+INDEX(Step2!D:D, 10 + ROW(F84)*3)} -> 30880 | G84: {=INDEX(Step2!D:D, 11 + ROW(F84)*3)} -> 0.6481 | H84: {=INDEX(Step2!D:D, 12 + ROW(F84)*3)} -> 1.0902 | I84: {=I$6+INDEX(Step2!J:J, 10 + ROW(I84)*3)} -> 31737 | J84: {=INDEX(Step2!J:J, 11 + ROW(I84)*3)} -> 0.5797 | K84: {=INDEX(Step2!J:J, 12 + ROW(I84)*3)} -> 1.1004 | L84: {=L$6+INDEX(Step3!D:D, 10 + ROW(L84)*3)} -> 40777 | M84: {=INDEX(Step3!D:D, 11 + ROW(L84)*3)} -> 0.6452 | N84: {=INDEX(Step3!D:D, 12 + ROW(L84)*3)} -> 1.1004
A85: 83 | B85: 156000 | C85: {=INDEX(Step1_final!D:D, 3 + (ROW(C81)-1)*3)} -> 22945 | D85: {=INDEX(Step1_final!D:D, 4 + (ROW(D81)-1)*3)} -> 0.6307 | E85: {=INDEX(Step1_final!D:D, 5 + (ROW(E81)-1)*3)} -> 1.1064 | F85: {=F$6+INDEX(Step2!D:D, 10 + ROW(F85)*3)} -> 31180 | G85: {=INDEX(Step2!D:D, 11 + ROW(F85)*3)} -> 0.6468 | H85: {=INDEX(Step2!D:D, 12 + ROW(F85)*3)} -> 1.0603 | L85: {=L$6+INDEX(Step3!D:D, 10 + ROW(L85)*3)} -> 41076 | M85: {=INDEX(Step3!D:D, 11 + ROW(L85)*3)} -> 0.6475 | N85: {=INDEX(Step3!D:D, 12 + ROW(L85)*3)} -> 1.0872
A86: 84 | B86: 158000 | C86: {=INDEX(Step1_final!D:D, 3 + (ROW(C82)-1)*3)} -> 23254 | D86: {=INDEX(Step1_final!D:D, 4 + (ROW(D82)-1)*3)} -> 0.6295 | E86: {=INDEX(Step1_final!D:D, 5 + (ROW(E82)-1)*3)} -> 1.0994 | F86: {=F$6+INDEX(Step2!D:D, 10 + ROW(F86)*3)} -> 31481 | G86: {=INDEX(Step2!D:D, 11 + ROW(F86)*3)} -> 0.6457 | H86: {=INDEX(Step2!D:D, 12 + ROW(F86)*3)} -> 1.096 | L86: {=L$6+INDEX(Step3!D:D, 10 + ROW(L86)*3)} -> 41375 | M86: {=INDEX(Step3!D:D, 11 + ROW(L86)*3)} -> 0.6427 | N86: {=INDEX(Step3!D:D, 12 + ROW(L86)*3)} -> 1.0977
A87: 85 | B87: 160000 | C87: {=INDEX(Step1_final!D:D, 3 + (ROW(C83)-1)*3)} -> 23559 | D87: {=INDEX(Step1_final!D:D, 4 + (ROW(D83)-1)*3)} -> 0.6318 | E87: {=INDEX(Step1_final!D:D, 5 + (ROW(E83)-1)*3)} -> 1.1352 | F87: {=F$6+INDEX(Step2!D:D, 10 + ROW(F87)*3)} -> 31786 | G87: {=INDEX(Step2!D:D, 11 + ROW(F87)*3)} -> 0.6499 | H87: {=INDEX(Step2!D:D, 12 + ROW(F87)*3)} -> 1.0769 | L87: {=L$6+INDEX(Step3!D:D, 10 + ROW(L87)*3)} -> 41677 | M87: {=INDEX(Step3!D:D, 11 + ROW(L87)*3)} -> 0.6431 | N87: {=INDEX(Step3!D:D, 12 + ROW(L87)*3)} -> 1.1013
A88: 86 | B88: 162000 | C88: {=INDEX(Step1_final!D:D, 3 + (ROW(C84)-1)*3)} -> 23871 | D88: {=INDEX(Step1_final!D:D, 4 + (ROW(D84)-1)*3)} -> 0.6252 | E88: {=INDEX(Step1_final!D:D, 5 + (ROW(E84)-1)*3)} -> 1.1059 | F88: {=F$6+INDEX(Step2!D:D, 10 + ROW(F88)*3)} -> 32084 | G88: {=INDEX(Step2!D:D, 11 + ROW(F88)*3)} -> 0.6468 | H88: {=INDEX(Step2!D:D, 12 + ROW(F88)*3)} -> 1.0806 | L88: {=L$6+INDEX(Step3!D:D, 10 + ROW(L88)*3)} -> 41979 | M88: {=INDEX(Step3!D:D, 11 + ROW(L88)*3)} -> 0.6468 | N88: {=INDEX(Step3!D:D, 12 + ROW(L88)*3)} -> 1.1029
A89: 87 | B89: 164000 | C89: {=INDEX(Step1_final!D:D, 3 + (ROW(C85)-1)*3)} -> 24174 | D89: {=INDEX(Step1_final!D:D, 4 + (ROW(D85)-1)*3)} -> 0.6292 | E89: {=INDEX(Step1_final!D:D, 5 + (ROW(E85)-1)*3)} -> 1.125 | F89: {=F$6+INDEX(Step2!D:D, 10 + ROW(F89)*3)} -> 32387 | G89: {=INDEX(Step2!D:D, 11 + ROW(F89)*3)} -> 0.6491 | H89: {=INDEX(Step2!D:D, 12 + ROW(F89)*3)} -> 1.0763 | L89: {=L$6+INDEX(Step3!D:D, 10 + ROW(L89)*3)} -> 42286 | M89: {=INDEX(Step3!D:D, 11 + ROW(L89)*3)} -> 0.6416 | N89: {=INDEX(Step3!D:D, 12 + ROW(L89)*3)} -> 1.0992
A90: 88 | B90: 166000 | C90: {=INDEX(Step1_final!D:D, 3 + (ROW(C86)-1)*3)} -> 24467 | D90: {=INDEX(Step1_final!D:D, 4 + (ROW(D86)-1)*3)} -> 0.6257 | E90: {=INDEX(Step1_final!D:D, 5 + (ROW(E86)-1)*3)} -> 1.108 | F90: {=F$6+INDEX(Step2!D:D, 10 + ROW(F90)*3)} -> 32689 | G90: {=INDEX(Step2!D:D, 11 + ROW(F90)*3)} -> 0.6463 | H90: {=INDEX(Step2!D:D, 12 + ROW(F90)*3)} -> 1.0614 | L90: {=L$6+INDEX(Step3!D:D, 10 + ROW(L90)*3)} -> 42593 | M90: {=INDEX(Step3!D:D, 11 + ROW(L90)*3)} -> 0.6446 | N90: {=INDEX(Step3!D:D, 12 + ROW(L90)*3)} -> 1.0782
A91: 89 | B91: 168000 | C91: {=INDEX(Step1_final!D:D, 3 + (ROW(C87)-1)*3)} -> 24759 | D91: {=INDEX(Step1_final!D:D, 4 + (ROW(D87)-1)*3)} -> 0.6245 | E91: {=INDEX(Step1_final!D:D, 5 + (ROW(E87)-1)*3)} -> 1.089 | F91: {=F$6+INDEX(Step2!D:D, 10 + ROW(F91)*3)} -> 33002 | G91: {=INDEX(Step2!D:D, 11 + ROW(F91)*3)} -> 0.6421 | H91: {=INDEX(Step2!D:D, 12 + ROW(F91)*3)} -> 1.0646 | L91: {=L$6+INDEX(Step3!D:D, 10 + ROW(L91)*3)} -> 42900 | M91: {=INDEX(Step3!D:D, 11 + ROW(L91)*3)} -> 0.6471 | N91: {=INDEX(Step3!D:D, 12 + ROW(L91)*3)} -> 1.0944
A92: 90 | B92: 170000 | C92: {=INDEX(Step1_final!D:D, 3 + (ROW(C88)-1)*3)} -> 25049 | D92: {=INDEX(Step1_final!D:D, 4 + (ROW(D88)-1)*3)} -> 0.6286 | E92: {=INDEX(Step1_final!D:D, 5 + (ROW(E88)-1)*3)} -> 1.1129 | F92: {=F$6+INDEX(Step2!D:D, 10 + ROW(F92)*3)} -> 33299 | G92: {=INDEX(Step2!D:D, 11 + ROW(F92)*3)} -> 0.6441 | H92: {=INDEX(Step2!D:D, 12 + ROW(F92)*3)} -> 1.0789 | L92: {=L$6+INDEX(Step3!D:D, 10 + ROW(L92)*3)} -> 43196 | M92: {=INDEX(Step3!D:D, 11 + ROW(L92)*3)} -> 0.6442 | N92: {=INDEX(Step3!D:D, 12 + ROW(L92)*3)} -> 1.0933
A93: 91 | B93: 172000 | C93: {=INDEX(Step1_final!D:D, 3 + (ROW(C89)-1)*3)} -> 25339 | D93: {=INDEX(Step1_final!D:D, 4 + (ROW(D89)-1)*3)} -> 0.6249 | E93: {=INDEX(Step1_final!D:D, 5 + (ROW(E89)-1)*3)} -> 1.092 | F93: {=F$6+INDEX(Step2!D:D, 10 + ROW(F93)*3)} -> 33605 | G93: {=INDEX(Step2!D:D, 11 + ROW(F93)*3)} -> 0.64 | H93: {=INDEX(Step2!D:D, 12 + ROW(F93)*3)} -> 1.0801 | L93: {=L$6+INDEX(Step3!D:D, 10 + ROW(L93)*3)} -> 43489 | M93: {=INDEX(Step3!D:D, 11 + ROW(L93)*3)} -> 0.6409 | N93: {=INDEX(Step3!D:D, 12 + ROW(L93)*3)} -> 1.0973
A94: 92 | B94: 174000 | C94: {=INDEX(Step1_final!D:D, 3 + (ROW(C90)-1)*3)} -> 25629 | D94: {=INDEX(Step1_final!D:D, 4 + (ROW(D90)-1)*3)} -> 0.6288 | E94: {=INDEX(Step1_final!D:D, 5 + (ROW(E90)-1)*3)} -> 1.1007 | F94: {=F$6+INDEX(Step2!D:D, 10 + ROW(F94)*3)} -> 33907 | G94: {=INDEX(Step2!D:D, 11 + ROW(F94)*3)} -> 0.6401 | H94: {=INDEX(Step2!D:D, 12 + ROW(F94)*3)} -> 1.0776 | L94: {=L$6+INDEX(Step3!D:D, 10 + ROW(L94)*3)} -> 43802 | M94: {=INDEX(Step3!D:D, 11 + ROW(L94)*3)} -> 0.6397 | N94: {=INDEX(Step3!D:D, 12 + ROW(L94)*3)} -> 1.0917
A95: 93 | B95: 176000 | C95: {=INDEX(Step1_final!D:D, 3 + (ROW(C91)-1)*3)} -> 25919 | D95: {=INDEX(Step1_final!D:D, 4 + (ROW(D91)-1)*3)} -> 0.6251 | E95: {=INDEX(Step1_final!D:D, 5 + (ROW(E91)-1)*3)} -> 1.1081 | F95: {=F$6+INDEX(Step2!D:D, 10 + ROW(F95)*3)} -> 34205 | G95: {=INDEX(Step2!D:D, 11 + ROW(F95)*3)} -> 0.6431 | H95: {=INDEX(Step2!D:D, 12 + ROW(F95)*3)} -> 1.0807 | L95: {=L$6+INDEX(Step3!D:D, 10 + ROW(L95)*3)} -> 44107 | M95: {=INDEX(Step3!D:D, 11 + ROW(L95)*3)} -> 0.6348 | N95: {=INDEX(Step3!D:D, 12 + ROW(L95)*3)} -> 1.0765
A96: 94 | B96: 178000 | C96: {=INDEX(Step1_final!D:D, 3 + (ROW(C92)-1)*3)} -> 26209 | D96: {=INDEX(Step1_final!D:D, 4 + (ROW(D92)-1)*3)} -> 0.6239 | E96: {=INDEX(Step1_final!D:D, 5 + (ROW(E92)-1)*3)} -> 1.1092 | F96: {=F$6+INDEX(Step2!D:D, 10 + ROW(F96)*3)} -> 34503 | G96: {=INDEX(Step2!D:D, 11 + ROW(F96)*3)} -> 0.6363 | H96: {=INDEX(Step2!D:D, 12 + ROW(F96)*3)} -> 1.0624 | L96: {=L$6+INDEX(Step3!D:D, 10 + ROW(L96)*3)} -> 44407 | M96: {=INDEX(Step3!D:D, 11 + ROW(L96)*3)} -> 0.6409 | N96: {=INDEX(Step3!D:D, 12 + ROW(L96)*3)} -> 1.0722
... A107: 105 | B107: 200000 | C107: {=INDEX(Step1_final!D:D, 3 + (ROW(C103)-1)*3)} -> 29401 | D107: {=INDEX(Step1_final!D:D, 4 + (ROW(D103)-1)*3)} -> 0.6178 | E107: {=INDEX(Step1_final!D:D, 5 + (ROW(E103)-1)*3)} -> 1.1116 | F107: {=F$6+INDEX(Step2!D:D, 10 + ROW(F107)*3)} -> 37728 | G107: {=INDEX(Step2!D:D, 11 + ROW(F107)*3)} -> 0.6358 | H107: {=INDEX(Step2!D:D, 12 + ROW(F107)*3)} -> 1.0569 | L107: {=L$6+INDEX(Step3!D:D, 10 + ROW(L107)*3)} -> 47770 | M107: {=INDEX(Step3!D:D, 11 + ROW(L107)*3)} -> 0.6379 | N107: {=INDEX(Step3!D:D, 12 + ROW(L107)*3)} -> 1.1036
A108: 106 | B108: 202000 | C108: {=INDEX(Step1_final!D:D, 3 + (ROW(C104)-1)*3)} -> 29691 | D108: {=INDEX(Step1_final!D:D, 4 + (ROW(D104)-1)*3)} -> 0.6184 | E108: {=INDEX(Step1_final!D:D, 5 + (ROW(E104)-1)*3)} -> 1.109 | F108: {=F$6+INDEX(Step2!D:D, 10 + ROW(F108)*3)} -> 38020 | G108: {=INDEX(Step2!D:D, 11 + ROW(F108)*3)} -> 0.6343 | H108: {=INDEX(Step2!D:D, 12 + ROW(F108)*3)} -> 1.0637
A109: 107 | B109: 204000 | C109: {=INDEX(Step1_final!D:D, 3 + (ROW(C105)-1)*3)} -> 29989 | D109: {=INDEX(Step1_final!D:D, 4 + (ROW(D105)-1)*3)} -> 0.6139 | E109: {=INDEX(Step1_final!D:D, 5 + (ROW(E105)-1)*3)} -> 1.1006 | F109: {=F$6+INDEX(Step2!D:D, 10 + ROW(F109)*3)} -> 38312 | G109: {=INDEX(Step2!D:D, 11 + ROW(F109)*3)} -> 0.6321 | H109: {=INDEX(Step2!D:D, 12 + ROW(F109)*3)} -> 1.0616
A110: 108 | B110: 206000 | C110: {=INDEX(Step1_final!D:D, 3 + (ROW(C106)-1)*3)} -> 30306 | D110: {=INDEX(Step1_final!D:D, 4 + (ROW(D106)-1)*3)} -> 0.6151 | E110: {=INDEX(Step1_final!D:D, 5 + (ROW(E106)-1)*3)} -> 1.0946 | F110: {=F$6+INDEX(Step2!D:D, 10 + ROW(F110)*3)} -> 38602 | G110: {=INDEX(Step2!D:D, 11 + ROW(F110)*3)} -> 0.635 | H110: {=INDEX(Step2!D:D, 12 + ROW(F110)*3)} -> 1.0648
A111: 109 | B111: 208000 | C111: {=INDEX(Step1_final!D:D, 3 + (ROW(C107)-1)*3)} -> 30610 | D111: {=INDEX(Step1_final!D:D, 4 + (ROW(D107)-1)*3)} -> 0.6189 | E111: {=INDEX(Step1_final!D:D, 5 + (ROW(E107)-1)*3)} -> 1.1048 | F111: {=F$6+INDEX(Step2!D:D, 10 + ROW(F111)*3)} -> 38892 | G111: {=INDEX(Step2!D:D, 11 + ROW(F111)*3)} -> 0.6271 | H111: {=INDEX(Step2!D:D, 12 + ROW(F111)*3)} -> 1.0661
A112: 110 | B112: 210000 | C112: {=INDEX(Step1_final!D:D, 3 + (ROW(C108)-1)*3)} -> 30909 | D112: {=INDEX(Step1_final!D:D, 4 + (ROW(D108)-1)*3)} -> 0.6152 | E112: {=INDEX(Step1_final!D:D, 5 + (ROW(E108)-1)*3)} -> 1.098 | F112: {=F$6+INDEX(Step2!D:D, 10 + ROW(F112)*3)} -> 39181 | G112: {=INDEX(Step2!D:D, 11 + ROW(F112)*3)} -> 0.6302 | H112: {=INDEX(Step2!D:D, 12 + ROW(F112)*3)} -> 1.0783
A113: 111 | B113: 212000 | C113: {=INDEX(Step1_final!D:D, 3 + (ROW(C109)-1)*3)} -> 31205 | D113: {=INDEX(Step1_final!D:D, 4 + (ROW(D109)-1)*3)} -> 0.6147 | E113: {=INDEX(Step1_final!D:D, 5 + (ROW(E109)-1)*3)} -> 1.0914 | F113: {=F$6+INDEX(Step2!D:D, 10 + ROW(F113)*3)} -> 39471 | G113: {=INDEX(Step2!D:D, 11 + ROW(F113)*3)} -> 0.6353 | H113: {=INDEX(Step2!D:D, 12 + ROW(F113)*3)} -> 1.0695
A114: 112 | B114: 214000 | C114: {=INDEX(Step1_final!D:D, 3 + (ROW(C110)-1)*3)} -> 31512 | D114: {=INDEX(Step1_final!D:D, 4 + (ROW(D110)-1)*3)} -> 0.6116 | E114: {=INDEX(Step1_final!D:D, 5 + (ROW(E110)-1)*3)} -> 1.0991 | F114: {=F$6+INDEX(Step2!D:D, 10 + ROW(F114)*3)} -> 39761 | G114: {=INDEX(Step2!D:D, 11 + ROW(F114)*3)} -> 0.6316 | H114: {=INDEX(Step2!D:D, 12 + ROW(F114)*3)} -> 1.0661
A115: 113 | B115: 216000 | C115: {=INDEX(Step1_final!D:D, 3 + (ROW(C111)-1)*3)} -> 31816 | D115: {=INDEX(Step1_final!D:D, 4 + (ROW(D111)-1)*3)} -> 0.6102 | E115: {=INDEX(Step1_final!D:D, 5 + (ROW(E111)-1)*3)} -> 1.0899 | F115: {=F$6+INDEX(Step2!D:D, 10 + ROW(F115)*3)} -> 40050 | G115: {=INDEX(Step2!D:D, 11 + ROW(F115)*3)} -> 0.6232 | H115: {=INDEX(Step2!D:D, 12 + ROW(F115)*3)} -> 1.0681
A116: 114 | B116: 218000 | C116: {=INDEX(Step1_final!D:D, 3 + (ROW(C112)-1)*3)} -> 32120 | D116: {=INDEX(Step1_final!D:D, 4 + (ROW(D112)-1)*3)} -> 0.6144 | E116: {=INDEX(Step1_final!D:D, 5 + (ROW(E112)-1)*3)} -> 1.0881 | F116: {=F$6+INDEX(Step2!D:D, 10 + ROW(F116)*3)} -> 40340 | G116: {=INDEX(Step2!D:D, 11 + ROW(F116)*3)} -> 0.6305 | H116: {=INDEX(Step2!D:D, 12 + ROW(F116)*3)} -> 1.0558
A117: 115 | B117: 220000 | C117: {=INDEX(Step1_final!D:D, 3 + (ROW(C113)-1)*3)} -> 32415 | D117: {=INDEX(Step1_final!D:D, 4 + (ROW(D113)-1)*3)} -> 0.6127 | E117: {=INDEX(Step1_final!D:D, 5 + (ROW(E113)-1)*3)} -> 1.096 | F117: {=F$6+INDEX(Step2!D:D, 10 + ROW(F117)*3)} -> 40629 | G117: {=INDEX(Step2!D:D, 11 + ROW(F117)*3)} -> 0.6302 | H117: {=INDEX(Step2!D:D, 12 + ROW(F117)*3)} -> 1.0527
A118: 116 | B118: 222000 | C118: {=INDEX(Step1_final!D:D, 3 + (ROW(C114)-1)*3)} -> 32708 | D118: {=INDEX(Step1_final!D:D, 4 + (ROW(D114)-1)*3)} -> 0.6142 | E118: {=INDEX(Step1_final!D:D, 5 + (ROW(E114)-1)*3)} -> 1.0944 | F118: {=F$6+INDEX(Step2!D:D, 10 + ROW(F118)*3)} -> 40919 | G118: {=INDEX(Step2!D:D, 11 + ROW(F118)*3)} -> 0.6263 | H118: {=INDEX(Step2!D:D, 12 + ROW(F118)*3)} -> 1.085
A119: 117 | B119: 224000 | C119: {=INDEX(Step1_final!D:D, 3 + (ROW(C115)-1)*3)} -> 32998 | D119: {=INDEX(Step1_final!D:D, 4 + (ROW(D115)-1)*3)} -> 0.6119 | E119: {=INDEX(Step1_final!D:D, 5 + (ROW(E115)-1)*3)} -> 1.1004 | F119: {=F$6+INDEX(Step2!D:D, 10 + ROW(F119)*3)} -> 41209 | G119: {=INDEX(Step2!D:D, 11 + ROW(F119)*3)} -> 0.6227 | H119: {=INDEX(Step2!D:D, 12 + ROW(F119)*3)} -> 1.0663
... A126: 124 | B126: 238000 | C126: {=INDEX(Step1_final!D:D, 3 + (ROW(C122)-1)*3)} -> 35044 | D126: {=INDEX(Step1_final!D:D, 4 + (ROW(D122)-1)*3)} -> 0.6132 | E126: {=INDEX(Step1_final!D:D, 5 + (ROW(E122)-1)*3)} -> 1.0977 | F126: {=F$6+INDEX(Step2!D:D, 10 + ROW(F126)*3)} -> 43236 | G126: {=INDEX(Step2!D:D, 11 + ROW(F126)*3)} -> 0.6289 | H126: {=INDEX(Step2!D:D, 12 + ROW(F126)*3)} -> 1.0806
A127: 125 | B127: 240000 | C127: {=INDEX(Step1_final!D:D, 3 + (ROW(C123)-1)*3)} -> 35338 | D127: {=INDEX(Step1_final!D:D, 4 + (ROW(D123)-1)*3)} -> 0.6052 | E127: {=INDEX(Step1_final!D:D, 5 + (ROW(E123)-1)*3)} -> 1.0809
A128: 126 | B128: 242000 | C128: {=INDEX(Step1_final!D:D, 3 + (ROW(C124)-1)*3)} -> 35635 | D128: {=INDEX(Step1_final!D:D, 4 + (ROW(D124)-1)*3)} -> 0.6081 | E128: {=INDEX(Step1_final!D:D, 5 + (ROW(E124)-1)*3)} -> 1.0902
A129: 127 | B129: 244000 | C129: {=INDEX(Step1_final!D:D, 3 + (ROW(C125)-1)*3)} -> 35934 | D129: {=INDEX(Step1_final!D:D, 4 + (ROW(D125)-1)*3)} -> 0.6055 | E129: {=INDEX(Step1_final!D:D, 5 + (ROW(E125)-1)*3)} -> 1.0919
A130: 128 | B130: 246000 | C130: {=INDEX(Step1_final!D:D, 3 + (ROW(C126)-1)*3)} -> 36252 | D130: {=INDEX(Step1_final!D:D, 4 + (ROW(D126)-1)*3)} -> 0.6056 | E130: {=INDEX(Step1_final!D:D, 5 + (ROW(E126)-1)*3)} -> 1.1141
A131: 129 | B131: 248000 | C131: {=INDEX(Step1_final!D:D, 3 + (ROW(C127)-1)*3)} -> 36563 | D131: {=INDEX(Step1_final!D:D, 4 + (ROW(D127)-1)*3)} -> 0.6052 | E131: {=INDEX(Step1_final!D:D, 5 + (ROW(E127)-1)*3)} -> 1.0907
A132: 130 | B132: 250000 | C132: {=INDEX(Step1_final!D:D, 3 + (ROW(C128)-1)*3)} -> 36873 | D132: {=INDEX(Step1_final!D:D, 4 + (ROW(D128)-1)*3)} -> 0.607 | E132: {=INDEX(Step1_final!D:D, 5 + (ROW(E128)-1)*3)} -> 1.104
A133: 131 | B133: 252000 | C133: {=INDEX(Step1_final!D:D, 3 + (ROW(C129)-1)*3)} -> 37172 | D133: {=INDEX(Step1_final!D:D, 4 + (ROW(D129)-1)*3)} -> 0.6035 | E133: {=INDEX(Step1_final!D:D, 5 + (ROW(E129)-1)*3)} -> 1.1132
A134: 132 | B134: 254000 | C134: {=INDEX(Step1_final!D:D, 3 + (ROW(C130)-1)*3)} -> 37469 | D134: {=INDEX(Step1_final!D:D, 4 + (ROW(D130)-1)*3)} -> 0.6047 | E134: {=INDEX(Step1_final!D:D, 5 + (ROW(E130)-1)*3)} -> 1.0907
A135: 133 | B135: 256000 | C135: {=INDEX(Step1_final!D:D, 3 + (ROW(C131)-1)*3)} -> 37779 | D135: {=INDEX(Step1_final!D:D, 4 + (ROW(D131)-1)*3)} -> 0.6004 | E135: {=INDEX(Step1_final!D:D, 5 + (ROW(E131)-1)*3)} -> 1.1127
A136: 134 | B136: 258000 | C136: {=INDEX(Step1_final!D:D, 3 + (ROW(C132)-1)*3)} -> 38087 | D136: {=INDEX(Step1_final!D:D, 4 + (ROW(D132)-1)*3)} -> 0.6007 | E136: {=INDEX(Step1_final!D:D, 5 + (ROW(E132)-1)*3)} -> 1.1105
A137: 135 | B137: 260000 | C137: {=INDEX(Step1_final!D:D, 3 + (ROW(C133)-1)*3)} -> 38395 | D137: {=INDEX(Step1_final!D:D, 4 + (ROW(D133)-1)*3)} -> 0.6098 | E137: {=INDEX(Step1_final!D:D, 5 + (ROW(E133)-1)*3)} -> 1.1076
A138: 136 | B138: 262000 | C138: {=INDEX(Step1_final!D:D, 3 + (ROW(C134)-1)*3)} -> 38714 | D138: {=INDEX(Step1_final!D:D, 4 + (ROW(D134)-1)*3)} -> 0.6054 | E138: {=INDEX(Step1_final!D:D, 5 + (ROW(E134)-1)*3)} -> 1.1159
... A150: 148 | B150: 286000 | C150: {=INDEX(Step1_final!D:D, 3 + (ROW(C146)-1)*3)} -> 42320 | D150: {=INDEX(Step1_final!D:D, 4 + (ROW(D146)-1)*3)} -> 0.6013 | E150: {=INDEX(Step1_final!D:D, 5 + (ROW(E146)-1)*3)} -> 1.1058

Sheet Graph4_12_train_1

Sheet Graph4_12_train_2

Sheet Graph4_12_val_1

Sheet Graph4_12_val_2

Sheet Graph4_data_10
A1: # | B1: iterations | C1: Step 1 | F1: Step 2 zero | I1: Step 2 normal | L1: Step 3 zero | O1: Step 3 normal | R1: Step 4 zero | U1: Step 4 normal
C2: Duration | D2: Train loss | E2: Val loss | F2: Duration | G2: Train loss | H2: Val loss | I2: Duration | J2: Train loss | K2: Val loss | L2: Duration | M2: Train loss | N2: Val loss | O2: Duration | P2: Train loss | Q2: Val loss | R2: Duration | S2: Train loss | T2: Val loss | U2: Duration | V2: Train loss | W2: Val loss
A3: 1 | F3: =Step2!F12 -> 435 | G3: =Step2!F13 -> 1.3102 | H3: =Step2!F14 -> 1.7717 | I3: =Step2!L12 -> 407 | J3: =Step2!L13 -> 1.3102 | K3: =Step2!L14 -> 1.7717 | L3: =Step3!F12 -> 437 | M3: =Step3!F13 -> 1.2235 | N3: =Step3!F14 -> 1.8825 | O3: =Step3!L12 -> 437 | P3: =Step3!L13 -> 1.2235 | Q3: =Step3!L14 -> 1.8825 | R3: =Step4!F12 -> 629 | S3: =Step4!F13 -> 1.6868 | T3: =Step4!F14 -> 2.0345 | U3: =Step4!L12 -> 634 | V3: =Step4!L13 -> 1.6868 | W3: =Step4!L14 -> 2.0345
A4: 2 | F4: =F3+Step2!F17 -> 1537 | G4: =Step2!F18 -> 0.9723 | H4: =Step2!F19 -> 1.4231 | I4: =I3+Step2!L17 -> 1656 | J4: =Step2!L18 -> 0.9518 | K4: =Step2!L19 -> 1.4444 | L4: =L3+Step3!F17 -> 1927 | M4: =Step3!F18 -> 0.9222 | N4: =Step3!F19 -> 1.5612 | O4: =O3+Step3!L17 -> 1607 | P4: =Step3!L18 -> 0.9001 | Q4: =Step3!L19 -> 1.6081 | R4: =R3+Step4!F17 -> 974 | S4: =Step4!F18 -> 1.2954 | T4: =Step4!F19 -> 1.7186 | U4: =U3+Step4!L17 -> 981 | V4: =Step4!L18 -> 1.2531 | W4: =Step4!L19 -> 1.694
A5: 3 | F5: =F4+Step2!F22 -> 3292 | G5: =Step2!F23 -> 0.8109 | H5: =Step2!F24 -> 1.2945 | I5: =I4+Step2!L22 -> 3854 | J5: =Step2!L23 -> 0.7654 | K5: =Step2!L24 -> 1.3146 | L5: =L4+Step3!F22 -> 4226 | M5: =Step3!F23 -> 0.7934 | N5: =Step3!F24 -> 1.4298 | O5: =O4+Step3!L22 -> 3375 | P5: =Step3!L23 -> 0.7575 | Q5: =Step3!L24 -> 1.4684 | R5: =R4+Step4!F22 -> 1592 | S5: =Step4!F23 -> 1.1249 | T5: =Step4!F24 -> 1.6025 | U5: =U4+Step4!L22 -> 1748 | V5: =Step4!L23 -> 1.0329 | W5: =Step4!L24 -> 1.5197
A6: 4 | F6: =F5+Step2!F27 -> 10522 | G6: =Step2!F28 -> 0.6943 | H6: =Step2!F29 -> 1.1233 | I6: =I5+Step2!L27 -> 10484 | J6: =Step2!L28 -> 0.6568 | K6: =Step2!L29 -> 1.1328 | L6: =L5+Step3!F27 -> 18276 | M6: =Step3!F28 -> 0.627 | N6: =Step3!F29 -> 1.2289 | O6: =O5+Step3!L27 -> 17370 | P6: =Step3!L28 -> 0.5612 | Q6: =Step3!L29 -> 1.2464 | R6: =R5+Step4!F27 -> 2546 | S6: =Step4!F28 -> 0.9587 | T6: =Step4!F29 -> 1.4207 | U6: =U5+Step4!L27 -> 2997 | V6: =Step4!L28 -> 0.9015 | W6: =Step4!L29 -> 1.4006
A7: 5 | R7: =R6+Step4!F32 -> 6946 | S7: =Step4!F33 -> 0.7936 | T7: =Step4!F34 -> 1.287 | U7: =U6+Step4!L32 -> 8511 | V7: =Step4!L33 -> 0.7157 | W7: =Step4!L34 -> 1.2932
A8: 6 | R8: =R7+Step4!F37 -> 19373 | S8: =Step4!F38 -> 0.7059 | T8: =Step4!F39 -> 1.1929 | U8: =U7+Step4!L37 -> 15514 | V8: =Step4!L38 -> 0.6603 | W8: =Step4!L39 -> 1.2184
A9: 7 | R9: =R8+Step4!F42 -> 30676 | S9: =Step4!F43 -> 0.6822 | T9: =Step4!F44 -> 1.1214 | U9: =U8+Step4!L42 -> 23487 | V9: =Step4!L43 -> 0.6269 | W9: =Step4!L44 -> 1.1137
A10: 8 | R10: =R9+Step4!F47 -> 36715 | S10: =Step4!F48 -> 0.6547 | T10: =Step4!F49 -> 1.1133 | U10: =U9+Step4!L47 -> 29316 | V10: =Step4!L48 -> 0.5944 | W10: =Step4!L49 -> 1.1136
A11: 9 | R11: =R10+Step4!F52 -> 43553 | S11: =Step4!F53 -> 0.6155 | T11: =Step4!F54 -> 1.073 | U11: =U10+Step4!L52 -> 36118 | V11: =Step4!L53 -> 0.5467 | W11: =Step4!L54 -> 1.092
